t,acc,,,,,,,,,,,,,,,,
0.00,-1.5,,,,,,,,,,,,,,,,
0.02,-0.7,,,,,,,,,,,,,,,,
0.04,0.9,,,,,,,,,,,,,,,,
0.06,1.7,,,,,,,,,,,,,,,,
0.08,0.9,,,,,,,,,,,,,,,,
0.10,1.7,,,,,,,,,,,,,,,,
0.12,2.3,,,,,,,,,,,,,,,,
0.14,3.0,,,,,,,,,,,,,,,,
0.16,3.3,,,,,,,,,,,,,,,,
0.18,3.0,,,,,,,,,,,,,,,,
0.20,2.7,,,,,,,,,,,,,,,,
0.22,2.0,,,,,,,,,,,,,,,,
0.24,-0.2,,,,,,,,,,,,,,,,
0.26,-2.6,,,,,,,,,,,,,,,,
0.28,-4.0,,,,,,,,,,,,,,,,
0.30,-5.6,,,,,,,,,,,,,,,,
0.32,-6.1,,,,,,,,,,,,,,,,
0.34,-6.0,,,,,,,,,,,,,,,,
0.36,-6.1,,,,,,,,,,,,,,,,
0.38,-5.8,,,,,,,,,,,,,,,,
0.40,-5.5,,,,,,,,,,,,,,,,
0.42,-5.2,,,,,,,,,,,,,,,,
0.44,-4.8,,,,,,,,,,,,,,,,
0.46,-4.6,,,,,,,,,,,,,,,,
0.48,-4.1,,,,,,,,,,,,,,,,
0.50,-3.1,,,,,,,,,,,,,,,,
0.52,-2.6,,,,,,,,,,,,,,,,
0.54,-4.1,,,,,,,,,,,,,,,,
0.56,-5.4,,,,,,,,,,,,,,,,
0.58,-5.6,,,,,,,,,,,,,,,,
0.60,-3.9,,,,,,,,,,,,,,,,
0.62,-1.3,,,,,,,,,,,,,,,,
0.64,0.4,,,,,,,,,,,,,,,,
0.66,1.6,,,,,,,,,,,,,,,,
0.68,2.4,,,,,,,,,,,,,,,,
0.70,2.5,,,,,,,,,,,,,,,,
0.72,3.4,,,,,,,,,,,,,,,,
0.74,5.2,,,,,,,,,,,,,,,,
0.76,6.3,,,,,,,,,,,,,,,,
0.78,5.6,,,,,,,,,,,,,,,,
0.80,3.7,,,,,,,,,,,,,,,,
0.82,1.5,,,,,,,,,,,,,,,,
0.84,-1.2,,,,,,,,,,,,,,,,
0.86,-2.6,,,,,,,,,,,,,,,,
0.88,-2.9,,,,,,,,,,,,,,,,
0.90,-2.4,,,,,,,,,,,,,,,,
0.92,-1.3,,,,,,,,,,,,,,,,
0.94,0.3,,,,,,,,,,,,,,,,
0.96,1.5,,,,,,,,,,,,,,,,
0.98,1.5,,,,,,,,,,,,,,,,
1.00,2.1,,,,,,,,,,,,,,,,
1.02,2.9,,,,,,,,,,,,,,,,
1.04,1.3,,,,,,,,,,,,,,,,
1.06,-0.8,,,,,,,,,,,,,,,,
1.08,-1.7,,,,,,,,,,,,,,,,
1.10,-0.9,,,,,,,,,,,,,,,,
1.12,-0.5,,,,,,,,,,,,,,,,
1.14,0.2,,,,,,,,,,,,,,,,
1.16,0.7,,,,,,,,,,,,,,,,
1.18,0.3,,,,,,,,,,,,,,,,
1.20,-0.3,,,,,,,,,,,,,,,,
1.22,-1.0,,,,,,,,,,,,,,,,
1.24,-1.3,,,,,,,,,,,,,,,,
1.26,-2.2,,,,,,,,,,,,,,,,
1.28,-4.1,,,,,,,,,,,,,,,,
1.30,-5.3,,,,,,,,,,,,,,,,
1.32,-4.4,,,,,,,,,,,,,,,,
1.34,-3.6,,,,,,,,,,,,,,,,
1.36,-3.2,,,,,,,,,,,,,,,,
1.38,-2.4,,,,,,,,,,,,,,,,
1.40,-0.2,,,,,,,,,,,,,,,,
1.42,3.3,,,,,,,,,,,,,,,,
1.44,3.5,,,,,,,,,,,,,,,,
1.46,2.3,,,,,,,,,,,,,,,,
1.48,0.6,,,,,,,,,,,,,,,,
1.50,-0.2,,,,,,,,,,,,,,,,
1.52,0.0,,,,,,,,,,,,,,,,
1.54,0.7,,,,,,,,,,,,,,,,
1.56,1.5,,,,,,,,,,,,,,,,
1.58,1.7,,,,,,,,,,,,,,,,
1.60,1.7,,,,,,,,,,,,,,,,
1.62,2.6,,,,,,,,,,,,,,,,
1.64,3.7,,,,,,,,,,,,,,,,
1.66,4.6,,,,,,,,,,,,,,,,
1.68,7.2,,,,,,,,,,,,,,,,
1.70,8.8,,,,,,,,,,,,,,,,
1.72,8.4,,,,,,,,,,,,,,,,
1.74,7.7,,,,,,,,,,,,,,,,
1.76,6.6,,,,,,,,,,,,,,,,
1.78,4.2,,,,,,,,,,,,,,,,
1.80,4.2,,,,,,,,,,,,,,,,
1.82,5.5,,,,,,,,,,,,,,,,
1.84,7.4,,,,,,,,,,,,,,,,
1.86,6.5,,,,,,,,,,,,,,,,
1.88,4.3,,,,,,,,,,,,,,,,
1.90,2.0,,,,,,,,,,,,,,,,
1.92,1.9,,,,,,,,,,,,,,,,
1.94,2.4,,,,,,,,,,,,,,,,
1.96,2.8,,,,,,,,,,,,,,,,
1.98,4.8,,,,,,,,,,,,,,,,
2.00,5.8,,,,,,,,,,,,,,,,
2.02,7.3,,,,,,,,,,,,,,,,
2.04,8.5,,,,,,,,,,,,,,,,
2.06,6.1,,,,,,,,,,,,,,,,
2.08,2.9,,,,,,,,,,,,,,,,
2.10,0.2,,,,,,,,,,,,,,,,
2.12,-0.6,,,,,,,,,,,,,,,,
2.14,-1.3,,,,,,,,,,,,,,,,
2.16,-2.3,,,,,,,,,,,,,,,,
2.18,-2.2,,,,,,,,,,,,,,,,
2.20,-1.7,,,,,,,,,,,,,,,,
2.22,-1.3,,,,,,,,,,,,,,,,
2.24,-2.6,,,,,,,,,,,,,,,,
2.26,-5.2,,,,,,,,,,,,,,,,
2.28,-9.2,,,,,,,,,,,,,,,,
2.30,-11.1,,,,,,,,,,,,,,,,
2.32,-9.8,,,,,,,,,,,,,,,,
2.34,-7.7,,,,,,,,,,,,,,,,
2.36,-3.5,,,,,,,,,,,,,,,,
2.38,-0.3,,,,,,,,,,,,,,,,
2.40,0.1,,,,,,,,,,,,,,,,
2.42,0.3,,,,,,,,,,,,,,,,
2.44,1.4,,,,,,,,,,,,,,,,
2.46,2.6,,,,,,,,,,,,,,,,
2.48,7.5,,,,,,,,,,,,,,,,
2.50,10.1,,,,,,,,,,,,,,,,
2.52,10.3,,,,,,,,,,,,,,,,
2.54,8.8,,,,,,,,,,,,,,,,
2.56,8.7,,,,,,,,,,,,,,,,
2.58,8.7,,,,,,,,,,,,,,,,
2.60,8.2,,,,,,,,,,,,,,,,
2.62,7.6,,,,,,,,,,,,,,,,
2.64,5.0,,,,,,,,,,,,,,,,
2.66,2.0,,,,,,,,,,,,,,,,
2.68,-1.0,,,,,,,,,,,,,,,,
2.70,-2.6,,,,,,,,,,,,,,,,
2.72,-3.8,,,,,,,,,,,,,,,,
2.74,-5.0,,,,,,,,,,,,,,,,
2.76,-6.3,,,,,,,,,,,,,,,,
2.78,-5.7,,,,,,,,,,,,,,,,
2.80,-5.0,,,,,,,,,,,,,,,,
2.82,-4.1,,,,,,,,,,,,,,,,
2.84,-1.6,,,,,,,,,,,,,,,,
2.86,0.5,,,,,,,,,,,,,,,,
2.88,0.8,,,,,,,,,,,,,,,,
2.90,0.3,,,,,,,,,,,,,,,,
2.92,-1.7,,,,,,,,,,,,,,,,
2.94,-4.7,,,,,,,,,,,,,,,,
2.96,-7.0,,,,,,,,,,,,,,,,
2.98,-6.2,,,,,,,,,,,,,,,,
3.00,-5.8,,,,,,,,,,,,,,,,
3.02,-5.5,,,,,,,,,,,,,,,,
3.04,-5.0,,,,,,,,,,,,,,,,
3.06,-3.1,,,,,,,,,,,,,,,,
3.08,-2.5,,,,,,,,,,,,,,,,
3.10,-5.2,,,,,,,,,,,,,,,,
3.12,-8.2,,,,,,,,,,,,,,,,
3.14,-9.7,,,,,,,,,,,,,,,,
3.16,-8.8,,,,,,,,,,,,,,,,
3.18,-6.3,,,,,,,,,,,,,,,,
3.20,-3.4,,,,,,,,,,,,,,,,
3.22,-3.3,,,,,,,,,,,,,,,,
3.24,-4.3,,,,,,,,,,,,,,,,
3.26,-4.1,,,,,,,,,,,,,,,,
3.28,-3.2,,,,,,,,,,,,,,,,
3.30,-2.8,,,,,,,,,,,,,,,,
3.32,-2.8,,,,,,,,,,,,,,,,
3.34,-2.8,,,,,,,,,,,,,,,,
3.36,-2.0,,,,,,,,,,,,,,,,
3.38,-1.6,,,,,,,,,,,,,,,,
3.40,-3.2,,,,,,,,,,,,,,,,
3.42,-3.2,,,,,,,,,,,,,,,,
3.44,-2.6,,,,,,,,,,,,,,,,
3.46,-1.2,,,,,,,,,,,,,,,,
3.48,-0.2,,,,,,,,,,,,,,,,
3.50,1.1,,,,,,,,,,,,,,,,
3.52,4.9,,,,,,,,,,,,,,,,
3.54,7.9,,,,,,,,,,,,,,,,
3.56,8.4,,,,,,,,,,,,,,,,
3.58,6.4,,,,,,,,,,,,,,,,
3.60,4.1,,,,,,,,,,,,,,,,
3.62,2.9,,,,,,,,,,,,,,,,
3.64,3.8,,,,,,,,,,,,,,,,
3.66,5.9,,,,,,,,,,,,,,,,
3.68,9.2,,,,,,,,,,,,,,,,
3.70,12.1,,,,,,,,,,,,,,,,
3.72,12.6,,,,,,,,,,,,,,,,
3.74,10.6,,,,,,,,,,,,,,,,
3.76,5.4,,,,,,,,,,,,,,,,
3.78,0.5,,,,,,,,,,,,,,,,
3.80,-1.0,,,,,,,,,,,,,,,,
3.82,-2.7,,,,,,,,,,,,,,,,
3.84,-2.3,,,,,,,,,,,,,,,,
3.86,-0.1,,,,,,,,,,,,,,,,
3.88,2.5,,,,,,,,,,,,,,,,
3.90,4.5,,,,,,,,,,,,,,,,
3.92,5.0,,,,,,,,,,,,,,,,
3.94,4.5,,,,,,,,,,,,,,,,
3.96,4.6,,,,,,,,,,,,,,,,
3.98,4.9,,,,,,,,,,,,,,,,
4.00,3.7,,,,,,,,,,,,,,,,
4.02,0.9,,,,,,,,,,,,,,,,
4.04,-0.8,,,,,,,,,,,,,,,,
4.06,-1.7,,,,,,,,,,,,,,,,
4.08,-3.1,,,,,,,,,,,,,,,,
4.10,-3.8,,,,,,,,,,,,,,,,
4.12,-1.4,,,,,,,,,,,,,,,,
4.14,1.6,,,,,,,,,,,,,,,,
4.16,2.6,,,,,,,,,,,,,,,,
4.18,0.0,,,,,,,,,,,,,,,,
4.20,-1.5,,,,,,,,,,,,,,,,
4.22,-1.4,,,,,,,,,,,,,,,,
4.24,-2.9,,,,,,,,,,,,,,,,
4.26,-5.0,,,,,,,,,,,,,,,,
4.28,-4.1,,,,,,,,,,,,,,,,
4.30,-1.9,,,,,,,,,,,,,,,,
4.32,-0.4,,,,,,,,,,,,,,,,
4.34,2.4,,,,,,,,,,,,,,,,
4.36,7.4,,,,,,,,,,,,,,,,
4.38,12.5,,,,,,,,,,,,,,,,
4.40,14.0,,,,,,,,,,,,,,,,
4.42,13.5,,,,,,,,,,,,,,,,
4.44,11.7,,,,,,,,,,,,,,,,
4.46,8.9,,,,,,,,,,,,,,,,
4.48,6.1,,,,,,,,,,,,,,,,
4.50,6.7,,,,,,,,,,,,,,,,
4.52,8.0,,,,,,,,,,,,,,,,
4.54,6.9,,,,,,,,,,,,,,,,
4.56,6.0,,,,,,,,,,,,,,,,
4.58,4.2,,,,,,,,,,,,,,,,
4.60,-2.0,,,,,,,,,,,,,,,,
4.62,-5.4,,,,,,,,,,,,,,,,
4.64,-7.6,,,,,,,,,,,,,,,,
4.66,-9.9,,,,,,,,,,,,,,,,
4.68,-12.5,,,,,,,,,,,,,,,,
4.70,-12.8,,,,,,,,,,,,,,,,
4.72,-9.8,,,,,,,,,,,,,,,,
4.74,-8.0,,,,,,,,,,,,,,,,
4.76,-6.4,,,,,,,,,,,,,,,,
4.78,-1.0,,,,,,,,,,,,,,,,
4.80,3.2,,,,,,,,,,,,,,,,
4.82,4.7,,,,,,,,,,,,,,,,
4.84,4.7,,,,,,,,,,,,,,,,
4.86,4.2,,,,,,,,,,,,,,,,
4.88,1.0,,,,,,,,,,,,,,,,
4.90,-7.5,,,,,,,,,,,,,,,,
4.92,-14.1,,,,,,,,,,,,,,,,
4.94,-14.1,,,,,,,,,,,,,,,,
4.96,-12.3,,,,,,,,,,,,,,,,
4.98,-6.6,,,,,,,,,,,,,,,,
5.00,-2.5,,,,,,,,,,,,,,,,
5.02,-3.4,,,,,,,,,,,,,,,,
5.04,-5.7,,,,,,,,,,,,,,,,
5.06,-10.3,,,,,,,,,,,,,,,,
5.08,-8.8,,,,,,,,,,,,,,,,
5.10,-4.3,,,,,,,,,,,,,,,,
5.12,0.6,,,,,,,,,,,,,,,,
5.14,5.1,,,,,,,,,,,,,,,,
5.16,3.8,,,,,,,,,,,,,,,,
5.18,0.9,,,,,,,,,,,,,,,,
5.20,-0.7,,,,,,,,,,,,,,,,
5.22,-0.2,,,,,,,,,,,,,,,,
5.24,2.1,,,,,,,,,,,,,,,,
5.26,3.0,,,,,,,,,,,,,,,,
5.28,4.1,,,,,,,,,,,,,,,,
5.30,8.2,,,,,,,,,,,,,,,,
5.32,10.1,,,,,,,,,,,,,,,,
5.34,5.4,,,,,,,,,,,,,,,,
5.36,1.8,,,,,,,,,,,,,,,,
5.38,0.8,,,,,,,,,,,,,,,,
5.40,0.9,,,,,,,,,,,,,,,,
5.42,0.9,,,,,,,,,,,,,,,,
5.44,-1.6,,,,,,,,,,,,,,,,
5.46,-3.5,,,,,,,,,,,,,,,,
5.48,-5.0,,,,,,,,,,,,,,,,
5.50,-6.9,,,,,,,,,,,,,,,,
5.52,-6.4,,,,,,,,,,,,,,,,
5.54,-1.7,,,,,,,,,,,,,,,,
5.56,-1.6,,,,,,,,,,,,,,,,
5.58,-0.7,,,,,,,,,,,,,,,,
5.60,-3.0,,,,,,,,,,,,,,,,
5.62,-9.4,,,,,,,,,,,,,,,,
5.64,-11.5,,,,,,,,,,,,,,,,
5.66,-8.9,,,,,,,,,,,,,,,,
5.68,2.5,,,,,,,,,,,,,,,,
5.70,12.6,,,,,,,,,,,,,,,,
5.72,16.3,,,,,,,,,,,,,,,,
5.74,12.8,,,,,,,,,,,,,,,,
5.76,2.7,,,,,,,,,,,,,,,,
5.78,-7.7,,,,,,,,,,,,,,,,
5.80,-15.1,,,,,,,,,,,,,,,,
5.82,-10.4,,,,,,,,,,,,,,,,
5.84,-2.5,,,,,,,,,,,,,,,,
5.86,3.2,,,,,,,,,,,,,,,,
5.88,6.4,,,,,,,,,,,,,,,,
5.90,3.0,,,,,,,,,,,,,,,,
5.92,-1.2,,,,,,,,,,,,,,,,
5.94,-3.8,,,,,,,,,,,,,,,,
5.96,-5.4,,,,,,,,,,,,,,,,
5.98,-0.8,,,,,,,,,,,,,,,,
6.00,0.7,,,,,,,,,,,,,,,,
6.02,-1.8,,,,,,,,,,,,,,,,
6.04,-6.3,,,,,,,,,,,,,,,,
6.06,-11.5,,,,,,,,,,,,,,,,
6.08,-13.2,,,,,,,,,,,,,,,,
6.10,-8.6,,,,,,,,,,,,,,,,
6.12,1.3,,,,,,,,,,,,,,,,
6.14,8.9,,,,,,,,,,,,,,,,
6.16,11.1,,,,,,,,,,,,,,,,
6.18,6.9,,,,,,,,,,,,,,,,
6.20,-2.7,,,,,,,,,,,,,,,,
6.22,-9.6,,,,,,,,,,,,,,,,
6.24,-10.4,,,,,,,,,,,,,,,,
6.26,-5.1,,,,,,,,,,,,,,,,
6.28,1.5,,,,,,,,,,,,,,,,
6.30,7.2,,,,,,,,,,,,,,,,
6.32,10.6,,,,,,,,,,,,,,,,
6.34,13.4,,,,,,,,,,,,,,,,
6.36,12.8,,,,,,,,,,,,,,,,
6.38,7.5,,,,,,,,,,,,,,,,
6.40,4.0,,,,,,,,,,,,,,,,
6.42,4.2,,,,,,,,,,,,,,,,
6.44,4.6,,,,,,,,,,,,,,,,
6.46,6.0,,,,,,,,,,,,,,,,
6.48,4.8,,,,,,,,,,,,,,,,
6.50,-0.8,,,,,,,,,,,,,,,,
6.52,-1.2,,,,,,,,,,,,,,,,
6.54,3.9,,,,,,,,,,,,,,,,
6.56,6.7,,,,,,,,,,,,,,,,
6.58,3.2,,,,,,,,,,,,,,,,
6.60,-3.3,,,,,,,,,,,,,,,,
6.62,-2.5,,,,,,,,,,,,,,,,
6.64,0.4,,,,,,,,,,,,,,,,
6.66,-1.1,,,,,,,,,,,,,,,,
6.68,-1.7,,,,,,,,,,,,,,,,
6.70,4.1,,,,,,,,,,,,,,,,
6.72,14.7,,,,,,,,,,,,,,,,
6.74,14.9,,,,,,,,,,,,,,,,
6.76,5.4,,,,,,,,,,,,,,,,
6.78,-5.4,,,,,,,,,,,,,,,,
6.80,-10.4,,,,,,,,,,,,,,,,
6.82,-8.3,,,,,,,,,,,,,,,,
6.84,-5.0,,,,,,,,,,,,,,,,
6.86,-4.2,,,,,,,,,,,,,,,,
6.88,-3.8,,,,,,,,,,,,,,,,
6.90,-2.3,,,,,,,,,,,,,,,,
6.92,-1.9,,,,,,,,,,,,,,,,
6.94,-1.4,,,,,,,,,,,,,,,,
6.96,-1.0,,,,,,,,,,,,,,,,
6.98,2.5,,,,,,,,,,,,,,,,
7.00,8.3,,,,,,,,,,,,,,,,
7.02,8.3,,,,,,,,,,,,,,,,
7.04,7.0,,,,,,,,,,,,,,,,
7.06,0.5,,,,,,,,,,,,,,,,
7.08,-5.2,,,,,,,,,,,,,,,,
7.10,-3.5,,,,,,,,,,,,,,,,
7.12,-0.5,,,,,,,,,,,,,,,,
7.14,-1.6,,,,,,,,,,,,,,,,
7.16,-4.2,,,,,,,,,,,,,,,,
7.18,-3.8,,,,,,,,,,,,,,,,
7.20,0.4,,,,,,,,,,,,,,,,
7.22,4.9,,,,,,,,,,,,,,,,
7.24,2.3,,,,,,,,,,,,,,,,
7.26,-3.9,,,,,,,,,,,,,,,,
7.28,-1.5,,,,,,,,,,,,,,,,
7.30,6.0,,,,,,,,,,,,,,,,
7.32,6.8,,,,,,,,,,,,,,,,
7.34,1.4,,,,,,,,,,,,,,,,
7.36,-3.8,,,,,,,,,,,,,,,,
7.38,-5.5,,,,,,,,,,,,,,,,
7.40,4.2,,,,,,,,,,,,,,,,
7.42,9.6,,,,,,,,,,,,,,,,
7.44,3.0,,,,,,,,,,,,,,,,
7.46,-6.5,,,,,,,,,,,,,,,,
7.48,-14.0,,,,,,,,,,,,,,,,
7.50,-20.5,,,,,,,,,,,,,,,,
7.52,-28.9,,,,,,,,,,,,,,,,
7.54,-32.8,,,,,,,,,,,,,,,,
7.56,-29.5,,,,,,,,,,,,,,,,
7.58,-15.5,,,,,,,,,,,,,,,,
7.60,-9.1,,,,,,,,,,,,,,,,
7.62,-10.4,,,,,,,,,,,,,,,,
7.64,-9.9,,,,,,,,,,,,,,,,
7.66,-0.3,,,,,,,,,,,,,,,,
7.68,9.1,,,,,,,,,,,,,,,,
7.70,9.4,,,,,,,,,,,,,,,,
7.72,0.5,,,,,,,,,,,,,,,,
7.74,-6.8,,,,,,,,,,,,,,,,
7.76,-3.4,,,,,,,,,,,,,,,,
7.78,0.2,,,,,,,,,,,,,,,,
7.80,-0.2,,,,,,,,,,,,,,,,
7.82,-3.5,,,,,,,,,,,,,,,,
7.84,5.2,,,,,,,,,,,,,,,,
7.86,23.4,,,,,,,,,,,,,,,,
7.88,30.7,,,,,,,,,,,,,,,,
7.90,23.5,,,,,,,,,,,,,,,,
7.92,7.0,,,,,,,,,,,,,,,,
7.94,-9.8,,,,,,,,,,,,,,,,
7.96,-17.6,,,,,,,,,,,,,,,,
7.98,-16.8,,,,,,,,,,,,,,,,
8.00,-13.1,,,,,,,,,,,,,,,,
8.02,-6.8,,,,,,,,,,,,,,,,
8.04,3.6,,,,,,,,,,,,,,,,
8.06,12.4,,,,,,,,,,,,,,,,
8.08,12.0,,,,,,,,,,,,,,,,
8.10,-6.3,,,,,,,,,,,,,,,,
8.12,-18.7,,,,,,,,,,,,,,,,
8.14,-22.5,,,,,,,,,,,,,,,,
8.16,-11.6,,,,,,,,,,,,,,,,
8.18,-3.0,,,,,,,,,,,,,,,,
8.20,-4.5,,,,,,,,,,,,,,,,
8.22,-10.3,,,,,,,,,,,,,,,,
8.24,-7.4,,,,,,,,,,,,,,,,
8.26,-3.5,,,,,,,,,,,,,,,,
8.28,3.1,,,,,,,,,,,,,,,,
8.30,6.7,,,,,,,,,,,,,,,,
8.32,11.1,,,,,,,,,,,,,,,,
8.34,18.1,,,,,,,,,,,,,,,,
8.36,19.6,,,,,,,,,,,,,,,,
8.38,11.6,,,,,,,,,,,,,,,,
8.40,5.7,,,,,,,,,,,,,,,,
8.42,5.0,,,,,,,,,,,,,,,,
8.44,7.6,,,,,,,,,,,,,,,,
8.46,7.2,,,,,,,,,,,,,,,,
8.48,0.9,,,,,,,,,,,,,,,,
8.50,-3.6,,,,,,,,,,,,,,,,
8.52,-5.7,,,,,,,,,,,,,,,,
8.54,-3.0,,,,,,,,,,,,,,,,
8.56,4.1,,,,,,,,,,,,,,,,
8.58,12.1,,,,,,,,,,,,,,,,
8.60,10.4,,,,,,,,,,,,,,,,
8.62,0.3,,,,,,,,,,,,,,,,
8.64,-4.4,,,,,,,,,,,,,,,,
8.66,1.3,,,,,,,,,,,,,,,,
8.68,11.4,,,,,,,,,,,,,,,,
8.70,13.2,,,,,,,,,,,,,,,,
8.72,11.2,,,,,,,,,,,,,,,,
8.74,8.6,,,,,,,,,,,,,,,,
8.76,5.3,,,,,,,,,,,,,,,,
8.78,-5.7,,,,,,,,,,,,,,,,
8.80,-9.7,,,,,,,,,,,,,,,,
8.82,6.6,,,,,,,,,,,,,,,,
8.84,16.8,,,,,,,,,,,,,,,,
8.86,15.4,,,,,,,,,,,,,,,,
8.88,4.2,,,,,,,,,,,,,,,,
8.90,-2.2,,,,,,,,,,,,,,,,
8.92,3.0,,,,,,,,,,,,,,,,
8.94,20.2,,,,,,,,,,,,,,,,
8.96,19.3,,,,,,,,,,,,,,,,
8.98,4.4,,,,,,,,,,,,,,,,
9.00,1.3,,,,,,,,,,,,,,,,
9.02,2.9,,,,,,,,,,,,,,,,
9.04,10.5,,,,,,,,,,,,,,,,
9.06,17.3,,,,,,,,,,,,,,,,
9.08,15.6,,,,,,,,,,,,,,,,
9.10,8.3,,,,,,,,,,,,,,,,
9.12,4.5,,,,,,,,,,,,,,,,
9.14,-3.5,,,,,,,,,,,,,,,,
9.16,-14.5,,,,,,,,,,,,,,,,
9.18,-25.2,,,,,,,,,,,,,,,,
9.20,-26.8,,,,,,,,,,,,,,,,
9.22,-11.6,,,,,,,,,,,,,,,,
9.24,-0.3,,,,,,,,,,,,,,,,
9.26,3.4,,,,,,,,,,,,,,,,
9.28,-3.7,,,,,,,,,,,,,,,,
9.30,-16.5,,,,,,,,,,,,,,,,
9.32,-18.4,,,,,,,,,,,,,,,,
9.34,-16.1,,,,,,,,,,,,,,,,
9.36,-6.7,,,,,,,,,,,,,,,,
9.38,0.3,,,,,,,,,,,,,,,,
9.40,-0.6,,,,,,,,,,,,,,,,
9.42,1.9,,,,,,,,,,,,,,,,
9.44,7.4,,,,,,,,,,,,,,,,
9.46,5.8,,,,,,,,,,,,,,,,
9.48,-5.2,,,,,,,,,,,,,,,,
9.50,-17.8,,,,,,,,,,,,,,,,
9.52,-22.9,,,,,,,,,,,,,,,,
9.54,-22.5,,,,,,,,,,,,,,,,
9.56,-13.7,,,,,,,,,,,,,,,,
9.58,-4.0,,,,,,,,,,,,,,,,
9.60,-1.9,,,,,,,,,,,,,,,,
9.62,4.6,,,,,,,,,,,,,,,,
9.64,11.3,,,,,,,,,,,,,,,,
9.66,10.7,,,,,,,,,,,,,,,,
9.68,4.7,,,,,,,,,,,,,,,,
9.70,-1.9,,,,,,,,,,,,,,,,
9.72,4.8,,,,,,,,,,,,,,,,
9.74,11.5,,,,,,,,,,,,,,,,
9.76,1.6,,,,,,,,,,,,,,,,
9.78,-4.1,,,,,,,,,,,,,,,,
9.80,-9.6,,,,,,,,,,,,,,,,
9.82,-10.2,,,,,,,,,,,,,,,,
9.84,-7.4,,,,,,,,,,,,,,,,
9.86,-15.5,,,,,,,,,,,,,,,,
9.88,-22.3,,,,,,,,,,,,,,,,
9.90,-18.8,,,,,,,,,,,,,,,,
9.92,-8.3,,,,,,,,,,,,,,,,
9.94,1.3,,,,,,,,,,,,,,,,
9.96,1.3,,,,,,,,,,,,,,,,
9.98,-10.9,,,,,,,,,,,,,,,,
10.00,-20.3,,,,,,,,,,,,,,,,
10.02,-19.3,,,,,,,,,,,,,,,,
10.04,-16.6,,,,,,,,,,,,,,,,
10.06,-17.3,,,,,,,,,,,,,,,,
10.08,-4.6,,,,,,,,,,,,,,,,
10.10,15.7,,,,,,,,,,,,,,,,
10.12,25.3,,,,,,,,,,,,,,,,
10.14,19.9,,,,,,,,,,,,,,,,
10.16,7.1,,,,,,,,,,,,,,,,
10.18,-5.5,,,,,,,,,,,,,,,,
10.20,-5.5,,,,,,,,,,,,,,,,
10.22,11.2,,,,,,,,,,,,,,,,
10.24,17.3,,,,,,,,,,,,,,,,
10.26,9.5,,,,,,,,,,,,,,,,
10.28,5.7,,,,,,,,,,,,,,,,
10.30,1.4,,,,,,,,,,,,,,,,
10.32,5.7,,,,,,,,,,,,,,,,
10.34,5.7,,,,,,,,,,,,,,,,
10.36,-1.5,,,,,,,,,,,,,,,,
10.38,2.5,,,,,,,,,,,,,,,,
10.40,17.8,,,,,,,,,,,,,,,,
10.42,28.4,,,,,,,,,,,,,,,,
10.44,22.0,,,,,,,,,,,,,,,,
10.46,5.0,,,,,,,,,,,,,,,,
10.48,-7.8,,,,,,,,,,,,,,,,
10.50,-0.2,,,,,,,,,,,,,,,,
10.52,10.9,,,,,,,,,,,,,,,,
10.54,8.7,,,,,,,,,,,,,,,,
10.56,9.1,,,,,,,,,,,,,,,,
10.58,20.7,,,,,,,,,,,,,,,,
10.60,29.0,,,,,,,,,,,,,,,,
10.62,12.4,,,,,,,,,,,,,,,,
10.64,-11.5,,,,,,,,,,,,,,,,
10.66,-27.6,,,,,,,,,,,,,,,,
10.68,-25.2,,,,,,,,,,,,,,,,
10.70,-6.5,,,,,,,,,,,,,,,,
10.72,7.8,,,,,,,,,,,,,,,,
10.74,20.7,,,,,,,,,,,,,,,,
10.76,27.5,,,,,,,,,,,,,,,,
10.78,30.4,,,,,,,,,,,,,,,,
10.80,26.8,,,,,,,,,,,,,,,,
10.82,9.9,,,,,,,,,,,,,,,,
10.84,-11.9,,,,,,,,,,,,,,,,
10.86,-26.6,,,,,,,,,,,,,,,,
10.88,-29.5,,,,,,,,,,,,,,,,
10.90,-31.1,,,,,,,,,,,,,,,,
10.92,-25.5,,,,,,,,,,,,,,,,
10.94,-11.9,,,,,,,,,,,,,,,,
10.96,4.3,,,,,,,,,,,,,,,,
10.98,19.0,,,,,,,,,,,,,,,,
11.00,21.5,,,,,,,,,,,,,,,,
11.02,15.5,,,,,,,,,,,,,,,,
11.04,5.0,,,,,,,,,,,,,,,,
11.06,1.0,,,,,,,,,,,,,,,,
11.08,-3.4,,,,,,,,,,,,,,,,
11.10,-8.1,,,,,,,,,,,,,,,,
11.12,-9.5,,,,,,,,,,,,,,,,
11.14,-9.8,,,,,,,,,,,,,,,,
11.16,-8.6,,,,,,,,,,,,,,,,
11.18,13.3,,,,,,,,,,,,,,,,
11.20,26.2,,,,,,,,,,,,,,,,
11.22,19.6,,,,,,,,,,,,,,,,
11.24,12.9,,,,,,,,,,,,,,,,
11.26,14.4,,,,,,,,,,,,,,,,
11.28,18.0,,,,,,,,,,,,,,,,
11.30,13.8,,,,,,,,,,,,,,,,
11.32,5.2,,,,,,,,,,,,,,,,
11.34,5.0,,,,,,,,,,,,,,,,
11.36,9.7,,,,,,,,,,,,,,,,
11.38,8.0,,,,,,,,,,,,,,,,
11.40,7.9,,,,,,,,,,,,,,,,
11.42,8.6,,,,,,,,,,,,,,,,
11.44,8.5,,,,,,,,,,,,,,,,
11.46,2.0,,,,,,,,,,,,,,,,
11.48,-2.9,,,,,,,,,,,,,,,,
11.50,-5.9,,,,,,,,,,,,,,,,
11.52,-11.4,,,,,,,,,,,,,,,,
11.54,-15.4,,,,,,,,,,,,,,,,
11.56,-16.1,,,,,,,,,,,,,,,,
11.58,-12.9,,,,,,,,,,,,,,,,
11.60,-13.9,,,,,,,,,,,,,,,,
11.62,-18.3,,,,,,,,,,,,,,,,
11.64,-8.5,,,,,,,,,,,,,,,,
11.66,-0.3,,,,,,,,,,,,,,,,
11.68,-3.4,,,,,,,,,,,,,,,,
11.70,-16.2,,,,,,,,,,,,,,,,
11.72,-31.6,,,,,,,,,,,,,,,,
11.74,-37.3,,,,,,,,,,,,,,,,
11.76,-29.0,,,,,,,,,,,,,,,,
11.78,-16.7,,,,,,,,,,,,,,,,
11.80,-4.9,,,,,,,,,,,,,,,,
11.82,-5.8,,,,,,,,,,,,,,,,
11.84,-11.3,,,,,,,,,,,,,,,,
11.86,-16.2,,,,,,,,,,,,,,,,
11.88,-26.8,,,,,,,,,,,,,,,,
11.90,-33.9,,,,,,,,,,,,,,,,
11.92,-31.1,,,,,,,,,,,,,,,,
11.94,-18.0,,,,,,,,,,,,,,,,
11.96,-4.3,,,,,,,,,,,,,,,,
11.98,1.5,,,,,,,,,,,,,,,,
12.00,-10.2,,,,,,,,,,,,,,,,
12.02,-17.5,,,,,,,,,,,,,,,,
12.04,-16.2,,,,,,,,,,,,,,,,
12.06,-3.5,,,,,,,,,,,,,,,,
12.08,8.8,,,,,,,,,,,,,,,,
12.10,7.1,,,,,,,,,,,,,,,,
12.12,2.7,,,,,,,,,,,,,,,,
12.14,3.2,,,,,,,,,,,,,,,,
12.16,4.4,,,,,,,,,,,,,,,,
12.18,4.5,,,,,,,,,,,,,,,,
12.20,3.9,,,,,,,,,,,,,,,,
12.22,5.3,,,,,,,,,,,,,,,,
12.24,2.7,,,,,,,,,,,,,,,,
12.26,1.8,,,,,,,,,,,,,,,,
12.28,7.8,,,,,,,,,,,,,,,,
12.30,19.8,,,,,,,,,,,,,,,,
12.32,30.4,,,,,,,,,,,,,,,,
12.34,29.5,,,,,,,,,,,,,,,,
12.36,18.1,,,,,,,,,,,,,,,,
12.38,10.4,,,,,,,,,,,,,,,,
12.40,8.6,,,,,,,,,,,,,,,,
12.42,12.2,,,,,,,,,,,,,,,,
12.44,4.3,,,,,,,,,,,,,,,,
12.46,-8.4,,,,,,,,,,,,,,,,
12.48,-16.3,,,,,,,,,,,,,,,,
12.50,-23.1,,,,,,,,,,,,,,,,
12.52,-13.0,,,,,,,,,,,,,,,,
12.54,2.6,,,,,,,,,,,,,,,,
12.56,14.2,,,,,,,,,,,,,,,,
12.58,18.9,,,,,,,,,,,,,,,,
12.60,24.3,,,,,,,,,,,,,,,,
12.62,26.9,,,,,,,,,,,,,,,,
12.64,18.6,,,,,,,,,,,,,,,,
12.66,10.5,,,,,,,,,,,,,,,,
12.68,6.9,,,,,,,,,,,,,,,,
12.70,10.1,,,,,,,,,,,,,,,,
12.72,19.8,,,,,,,,,,,,,,,,
12.74,18.8,,,,,,,,,,,,,,,,
12.76,10.6,,,,,,,,,,,,,,,,
12.78,5.0,,,,,,,,,,,,,,,,
12.80,3.1,,,,,,,,,,,,,,,,
12.82,1.6,,,,,,,,,,,,,,,,
12.84,2.3,,,,,,,,,,,,,,,,
12.86,-0.7,,,,,,,,,,,,,,,,
12.88,-2.6,,,,,,,,,,,,,,,,
12.90,-0.2,,,,,,,,,,,,,,,,
12.92,8.6,,,,,,,,,,,,,,,,
12.94,11.3,,,,,,,,,,,,,,,,
12.96,11.4,,,,,,,,,,,,,,,,
12.98,10.0,,,,,,,,,,,,,,,,
13.00,0.9,,,,,,,,,,,,,,,,
13.02,-4.1,,,,,,,,,,,,,,,,
13.04,0.9,,,,,,,,,,,,,,,,
13.06,11.8,,,,,,,,,,,,,,,,
13.08,20.3,,,,,,,,,,,,,,,,
13.10,25.8,,,,,,,,,,,,,,,,
13.12,32.3,,,,,,,,,,,,,,,,
13.14,30.9,,,,,,,,,,,,,,,,
13.16,20.2,,,,,,,,,,,,,,,,
13.18,8.1,,,,,,,,,,,,,,,,
13.20,13.3,,,,,,,,,,,,,,,,
13.22,28.6,,,,,,,,,,,,,,,,
13.24,30.6,,,,,,,,,,,,,,,,
13.26,18.8,,,,,,,,,,,,,,,,
13.28,1.8,,,,,,,,,,,,,,,,
13.30,-1.7,,,,,,,,,,,,,,,,
13.32,-1.3,,,,,,,,,,,,,,,,
13.34,-8.0,,,,,,,,,,,,,,,,
13.36,-11.4,,,,,,,,,,,,,,,,
13.38,-6.8,,,,,,,,,,,,,,,,
13.40,3.5,,,,,,,,,,,,,,,,
13.42,1.2,,,,,,,,,,,,,,,,
13.44,-10.3,,,,,,,,,,,,,,,,
13.46,-19.2,,,,,,,,,,,,,,,,
13.48,-19.6,,,,,,,,,,,,,,,,
13.50,-13.7,,,,,,,,,,,,,,,,
13.52,-11.3,,,,,,,,,,,,,,,,
13.54,-14.7,,,,,,,,,,,,,,,,
13.56,-18.9,,,,,,,,,,,,,,,,
13.58,-17.1,,,,,,,,,,,,,,,,
13.60,-10.7,,,,,,,,,,,,,,,,
13.62,-9.1,,,,,,,,,,,,,,,,
13.64,-9.1,,,,,,,,,,,,,,,,
13.66,-8.6,,,,,,,,,,,,,,,,
13.68,-13.5,,,,,,,,,,,,,,,,
13.70,-25.7,,,,,,,,,,,,,,,,
13.72,-35.4,,,,,,,,,,,,,,,,
13.74,-34.5,,,,,,,,,,,,,,,,
13.76,-20.5,,,,,,,,,,,,,,,,
13.78,-6.5,,,,,,,,,,,,,,,,
13.80,-0.4,,,,,,,,,,,,,,,,
13.82,1.5,,,,,,,,,,,,,,,,
13.84,0.6,,,,,,,,,,,,,,,,
13.86,-8.9,,,,,,,,,,,,,,,,
13.88,-20.7,,,,,,,,,,,,,,,,
13.90,-22.2,,,,,,,,,,,,,,,,
13.92,-18.2,,,,,,,,,,,,,,,,
13.94,-12.1,,,,,,,,,,,,,,,,
13.96,-12.0,,,,,,,,,,,,,,,,
13.98,-21.1,,,,,,,,,,,,,,,,
14.00,-29.0,,,,,,,,,,,,,,,,
14.02,-32.4,,,,,,,,,,,,,,,,
14.04,-32.1,,,,,,,,,,,,,,,,
14.06,-32.1,,,,,,,,,,,,,,,,
14.08,-33.3,,,,,,,,,,,,,,,,
14.10,-25.8,,,,,,,,,,,,,,,,
14.12,-10.3,,,,,,,,,,,,,,,,
14.14,4.0,,,,,,,,,,,,,,,,
14.16,9.8,,,,,,,,,,,,,,,,
14.18,3.4,,,,,,,,,,,,,,,,
14.20,-1.6,,,,,,,,,,,,,,,,
14.22,-0.1,,,,,,,,,,,,,,,,
14.24,8.1,,,,,,,,,,,,,,,,
14.26,13.6,,,,,,,,,,,,,,,,
14.28,6.8,,,,,,,,,,,,,,,,
14.30,-3.2,,,,,,,,,,,,,,,,
14.32,-10.2,,,,,,,,,,,,,,,,
14.34,-10.4,,,,,,,,,,,,,,,,
14.36,-0.8,,,,,,,,,,,,,,,,
14.38,10.3,,,,,,,,,,,,,,,,
14.40,14.7,,,,,,,,,,,,,,,,
14.42,16.6,,,,,,,,,,,,,,,,
14.44,11.2,,,,,,,,,,,,,,,,
14.46,4.9,,,,,,,,,,,,,,,,
14.48,4.6,,,,,,,,,,,,,,,,
14.50,11.8,,,,,,,,,,,,,,,,
14.52,9.4,,,,,,,,,,,,,,,,
14.54,1.0,,,,,,,,,,,,,,,,
14.56,-0.3,,,,,,,,,,,,,,,,
14.58,-0.5,,,,,,,,,,,,,,,,
14.60,1.1,,,,,,,,,,,,,,,,
14.62,7.6,,,,,,,,,,,,,,,,
14.64,15.3,,,,,,,,,,,,,,,,
14.66,22.3,,,,,,,,,,,,,,,,
14.68,25.8,,,,,,,,,,,,,,,,
14.70,31.7,,,,,,,,,,,,,,,,
14.72,36.2,,,,,,,,,,,,,,,,
14.74,28.0,,,,,,,,,,,,,,,,
14.76,11.1,,,,,,,,,,,,,,,,
14.78,-0.3,,,,,,,,,,,,,,,,
14.80,-8.0,,,,,,,,,,,,,,,,
14.82,-4.5,,,,,,,,,,,,,,,,
14.84,2.7,,,,,,,,,,,,,,,,
14.86,-8.3,,,,,,,,,,,,,,,,
14.88,-18.4,,,,,,,,,,,,,,,,
14.90,-12.4,,,,,,,,,,,,,,,,
14.92,5.2,,,,,,,,,,,,,,,,
14.94,19.9,,,,,,,,,,,,,,,,
14.96,20.5,,,,,,,,,,,,,,,,
14.98,7.9,,,,,,,,,,,,,,,,
15.00,-4.8,,,,,,,,,,,,,,,,
15.02,-10.5,,,,,,,,,,,,,,,,
15.04,-12.5,,,,,,,,,,,,,,,,
15.06,-12.9,,,,,,,,,,,,,,,,
15.08,-12.2,,,,,,,,,,,,,,,,
15.10,-5.1,,,,,,,,,,,,,,,,
15.12,6.8,,,,,,,,,,,,,,,,
15.14,15.1,,,,,,,,,,,,,,,,
15.16,16.7,,,,,,,,,,,,,,,,
15.18,26.3,,,,,,,,,,,,,,,,
15.20,44.2,,,,,,,,,,,,,,,,
15.22,51.8,,,,,,,,,,,,,,,,
15.24,38.2,,,,,,,,,,,,,,,,
15.26,12.1,,,,,,,,,,,,,,,,
15.28,-14.3,,,,,,,,,,,,,,,,
15.30,-25.0,,,,,,,,,,,,,,,,
15.32,-22.7,,,,,,,,,,,,,,,,
15.34,-11.9,,,,,,,,,,,,,,,,
15.36,-4.5,,,,,,,,,,,,,,,,
15.38,4.6,,,,,,,,,,,,,,,,
15.40,4.4,,,,,,,,,,,,,,,,
15.42,-1.8,,,,,,,,,,,,,,,,
15.44,-6.5,,,,,,,,,,,,,,,,
15.46,-8.3,,,,,,,,,,,,,,,,
15.48,3.0,,,,,,,,,,,,,,,,
15.50,15.5,,,,,,,,,,,,,,,,
15.52,13.9,,,,,,,,,,,,,,,,
15.54,3.8,,,,,,,,,,,,,,,,
15.56,-1.1,,,,,,,,,,,,,,,,
15.58,10.6,,,,,,,,,,,,,,,,
15.60,29.9,,,,,,,,,,,,,,,,
15.62,49.0,,,,,,,,,,,,,,,,
15.64,63.8,,,,,,,,,,,,,,,,
15.66,66.4,,,,,,,,,,,,,,,,
15.68,58.1,,,,,,,,,,,,,,,,
15.70,37.4,,,,,,,,,,,,,,,,
15.72,13.2,,,,,,,,,,,,,,,,
15.74,2.1,,,,,,,,,,,,,,,,
15.76,5.4,,,,,,,,,,,,,,,,
15.78,15.0,,,,,,,,,,,,,,,,
15.80,23.1,,,,,,,,,,,,,,,,
15.82,15.5,,,,,,,,,,,,,,,,
15.84,-1.3,,,,,,,,,,,,,,,,
15.86,-13.5,,,,,,,,,,,,,,,,
15.88,-13.5,,,,,,,,,,,,,,,,
15.90,-11.2,,,,,,,,,,,,,,,,
15.92,-15.5,,,,,,,,,,,,,,,,
15.94,-17.9,,,,,,,,,,,,,,,,
15.96,-7.8,,,,,,,,,,,,,,,,
15.98,5.2,,,,,,,,,,,,,,,,
16.00,6.7,,,,,,,,,,,,,,,,
16.02,-10.3,,,,,,,,,,,,,,,,
16.04,-14.3,,,,,,,,,,,,,,,,
16.06,-5.0,,,,,,,,,,,,,,,,
16.08,14.1,,,,,,,,,,,,,,,,
16.10,26.2,,,,,,,,,,,,,,,,
16.12,30.6,,,,,,,,,,,,,,,,
16.14,35.3,,,,,,,,,,,,,,,,
16.16,39.8,,,,,,,,,,,,,,,,
16.18,36.5,,,,,,,,,,,,,,,,
16.20,19.4,,,,,,,,,,,,,,,,
16.22,2.6,,,,,,,,,,,,,,,,
16.24,6.3,,,,,,,,,,,,,,,,
16.26,30.2,,,,,,,,,,,,,,,,
16.28,42.5,,,,,,,,,,,,,,,,
16.30,36.3,,,,,,,,,,,,,,,,
16.32,15.6,,,,,,,,,,,,,,,,
16.34,-8.6,,,,,,,,,,,,,,,,
16.36,-18.3,,,,,,,,,,,,,,,,
16.38,-22.1,,,,,,,,,,,,,,,,
16.40,-34.4,,,,,,,,,,,,,,,,
16.42,-44.3,,,,,,,,,,,,,,,,
16.44,-51.9,,,,,,,,,,,,,,,,
16.46,-50.5,,,,,,,,,,,,,,,,
16.48,-43.8,,,,,,,,,,,,,,,,
16.50,-41.8,,,,,,,,,,,,,,,,
16.52,-50.3,,,,,,,,,,,,,,,,
16.54,-67.1,,,,,,,,,,,,,,,,
16.56,-71.4,,,,,,,,,,,,,,,,
16.58,-42.2,,,,,,,,,,,,,,,,
16.60,-1.0,,,,,,,,,,,,,,,,
16.62,38.6,,,,,,,,,,,,,,,,
16.64,45.0,,,,,,,,,,,,,,,,
16.66,17.9,,,,,,,,,,,,,,,,
16.68,-11.3,,,,,,,,,,,,,,,,
16.70,-37.1,,,,,,,,,,,,,,,,
16.72,-52.0,,,,,,,,,,,,,,,,
16.74,-47.2,,,,,,,,,,,,,,,,
16.76,-12.4,,,,,,,,,,,,,,,,
16.78,22.9,,,,,,,,,,,,,,,,
16.80,19.2,,,,,,,,,,,,,,,,
16.82,-19.8,,,,,,,,,,,,,,,,
16.84,-59.6,,,,,,,,,,,,,,,,
16.86,-85.8,,,,,,,,,,,,,,,,
16.88,-97.8,,,,,,,,,,,,,,,,
16.90,-100.1,,,,,,,,,,,,,,,,
16.92,-91.5,,,,,,,,,,,,,,,,
16.94,-85.6,,,,,,,,,,,,,,,,
16.96,-84.8,,,,,,,,,,,,,,,,
16.98,-72.8,,,,,,,,,,,,,,,,
17.00,-42.1,,,,,,,,,,,,,,,,
17.02,-7.6,,,,,,,,,,,,,,,,
17.04,24.8,,,,,,,,,,,,,,,,
17.06,41.0,,,,,,,,,,,,,,,,
17.08,30.9,,,,,,,,,,,,,,,,
17.10,9.6,,,,,,,,,,,,,,,,
17.12,-6.7,,,,,,,,,,,,,,,,
17.14,-8.7,,,,,,,,,,,,,,,,
17.16,17.6,,,,,,,,,,,,,,,,
17.18,50.3,,,,,,,,,,,,,,,,
17.20,80.2,,,,,,,,,,,,,,,,
17.22,97.9,,,,,,,,,,,,,,,,
17.24,84.3,,,,,,,,,,,,,,,,
17.26,37.3,,,,,,,,,,,,,,,,
17.28,-1.6,,,,,,,,,,,,,,,,
17.30,-47.3,,,,,,,,,,,,,,,,
17.32,-70.7,,,,,,,,,,,,,,,,
17.34,-83.6,,,,,,,,,,,,,,,,
17.36,-78.9,,,,,,,,,,,,,,,,
17.38,-51.9,,,,,,,,,,,,,,,,
17.40,-21.3,,,,,,,,,,,,,,,,
17.42,10.1,,,,,,,,,,,,,,,,
17.44,47.3,,,,,,,,,,,,,,,,
17.46,73.1,,,,,,,,,,,,,,,,
17.48,93.0,,,,,,,,,,,,,,,,
17.50,90.9,,,,,,,,,,,,,,,,
17.52,55.0,,,,,,,,,,,,,,,,
17.54,-3.4,,,,,,,,,,,,,,,,
17.56,-54.9,,,,,,,,,,,,,,,,
17.58,-98.6,,,,,,,,,,,,,,,,
17.60,-132.8,,,,,,,,,,,,,,,,
17.62,-146.0,,,,,,,,,,,,,,,,
17.64,-146.0,,,,,,,,,,,,,,,,
17.66,-143.0,,,,,,,,,,,,,,,,
17.68,-145.5,,,,,,,,,,,,,,,,
17.70,-143.7,,,,,,,,,,,,,,,,
17.72,-133.0,,,,,,,,,,,,,,,,
17.74,-123.1,,,,,,,,,,,,,,,,
17.76,-124.6,,,,,,,,,,,,,,,,
17.78,-122.2,,,,,,,,,,,,,,,,
17.80,-77.4,,,,,,,,,,,,,,,,
17.82,-24.0,,,,,,,,,,,,,,,,
17.84,46.7,,,,,,,,,,,,,,,,
17.86,97.9,,,,,,,,,,,,,,,,
17.88,142.8,,,,,,,,,,,,,,,,
17.90,176.6,,,,,,,,,,,,,,,,
17.92,162.6,,,,,,,,,,,,,,,,
17.94,110.6,,,,,,,,,,,,,,,,
17.96,58.6,,,,,,,,,,,,,,,,
17.98,6.6,,,,,,,,,,,,,,,,
18.00,-40.4,,,,,,,,,,,,,,,,
18.02,-57.4,,,,,,,,,,,,,,,,
18.04,-32.3,,,,,,,,,,,,,,,,
18.06,27.1,,,,,,,,,,,,,,,,
18.08,118.7,,,,,,,,,,,,,,,,
18.10,167.0,,,,,,,,,,,,,,,,
18.12,201.2,,,,,,,,,,,,,,,,
18.14,222.0,,,,,,,,,,,,,,,,
18.16,229.7,,,,,,,,,,,,,,,,
18.18,227.2,,,,,,,,,,,,,,,,
18.20,189.2,,,,,,,,,,,,,,,,
18.22,148.6,,,,,,,,,,,,,,,,
18.24,108.1,,,,,,,,,,,,,,,,
18.26,67.6,,,,,,,,,,,,,,,,
18.28,27.1,,,,,,,,,,,,,,,,
18.30,-5.8,,,,,,,,,,,,,,,,
18.32,-31.3,,,,,,,,,,,,,,,,
18.34,-46.7,,,,,,,,,,,,,,,,
18.36,-54.0,,,,,,,,,,,,,,,,
18.38,-64.7,,,,,,,,,,,,,,,,
18.40,-80.2,,,,,,,,,,,,,,,,
18.42,-85.1,,,,,,,,,,,,,,,,
18.44,-68.5,,,,,,,,,,,,,,,,
18.46,-25.4,,,,,,,,,,,,,,,,
18.48,34.4,,,,,,,,,,,,,,,,
18.50,96.0,,,,,,,,,,,,,,,,
18.52,135.2,,,,,,,,,,,,,,,,
18.54,145.5,,,,,,,,,,,,,,,,
18.56,119.8,,,,,,,,,,,,,,,,
18.58,78.0,,,,,,,,,,,,,,,,
18.60,38.6,,,,,,,,,,,,,,,,
18.62,5.1,,,,,,,,,,,,,,,,
18.64,-19.4,,,,,,,,,,,,,,,,
18.66,-37.3,,,,,,,,,,,,,,,,
18.68,-54.2,,,,,,,,,,,,,,,,
18.70,-68.1,,,,,,,,,,,,,,,,
18.72,-78.8,,,,,,,,,,,,,,,,
18.74,-83.4,,,,,,,,,,,,,,,,
18.76,-82.5,,,,,,,,,,,,,,,,
18.78,-69.9,,,,,,,,,,,,,,,,
18.80,-55.0,,,,,,,,,,,,,,,,
18.82,-38.7,,,,,,,,,,,,,,,,
18.84,-23.2,,,,,,,,,,,,,,,,
18.86,-7.1,,,,,,,,,,,,,,,,
18.88,10.7,,,,,,,,,,,,,,,,
18.90,33.9,,,,,,,,,,,,,,,,
18.92,60.7,,,,,,,,,,,,,,,,
18.94,68.7,,,,,,,,,,,,,,,,
18.96,63.1,,,,,,,,,,,,,,,,
18.98,50.3,,,,,,,,,,,,,,,,
19.00,38.8,,,,,,,,,,,,,,,,
19.02,35.5,,,,,,,,,,,,,,,,
19.04,22.1,,,,,,,,,,,,,,,,
19.06,4.7,,,,,,,,,,,,,,,,
19.08,-10.6,,,,,,,,,,,,,,,,
19.10,-28.1,,,,,,,,,,,,,,,,
19.12,-46.1,,,,,,,,,,,,,,,,
19.14,-55.6,,,,,,,,,,,,,,,,
19.16,-53.2,,,,,,,,,,,,,,,,
19.18,-43.0,,,,,,,,,,,,,,,,
19.20,-36.3,,,,,,,,,,,,,,,,
19.22,-33.0,,,,,,,,,,,,,,,,
19.24,-26.7,,,,,,,,,,,,,,,,
19.26,-17.0,,,,,,,,,,,,,,,,
19.28,-5.2,,,,,,,,,,,,,,,,
19.30,10.9,,,,,,,,,,,,,,,,
19.32,27.7,,,,,,,,,,,,,,,,
19.34,40.4,,,,,,,,,,,,,,,,
19.36,42.1,,,,,,,,,,,,,,,,
19.38,27.8,,,,,,,,,,,,,,,,
19.40,12.1,,,,,,,,,,,,,,,,
19.42,-9.3,,,,,,,,,,,,,,,,
19.44,-24.9,,,,,,,,,,,,,,,,
19.46,-33.6,,,,,,,,,,,,,,,,
19.48,-40.3,,,,,,,,,,,,,,,,
19.50,-43.1,,,,,,,,,,,,,,,,
19.52,-46.6,,,,,,,,,,,,,,,,
19.54,-54.9,,,,,,,,,,,,,,,,
19.56,-71.7,,,,,,,,,,,,,,,,
19.58,-89.6,,,,,,,,,,,,,,,,
19.60,-108.9,,,,,,,,,,,,,,,,
19.62,-113.9,,,,,,,,,,,,,,,,
19.64,-113.5,,,,,,,,,,,,,,,,
19.66,-114.2,,,,,,,,,,,,,,,,
19.68,-109.7,,,,,,,,,,,,,,,,
19.70,-86.2,,,,,,,,,,,,,,,,
19.72,-60.6,,,,,,,,,,,,,,,,
19.74,-28.6,,,,,,,,,,,,,,,,
19.76,10.4,,,,,,,,,,,,,,,,
19.78,45.8,,,,,,,,,,,,,,,,
19.80,66.0,,,,,,,,,,,,,,,,
19.82,81.0,,,,,,,,,,,,,,,,
19.84,77.2,,,,,,,,,,,,,,,,
19.86,64.1,,,,,,,,,,,,,,,,
19.88,56.0,,,,,,,,,,,,,,,,
19.90,56.4,,,,,,,,,,,,,,,,
19.92,46.7,,,,,,,,,,,,,,,,
19.94,23.6,,,,,,,,,,,,,,,,
19.96,-3.6,,,,,,,,,,,,,,,,
19.98,-21.8,,,,,,,,,,,,,,,,
20.00,-45.1,,,,,,,,,,,,,,,,
20.02,-62.8,,,,,,,,,,,,,,,,
20.04,-85.5,,,,,,,,,,,,,,,,
20.06,-100.2,,,,,,,,,,,,,,,,
20.08,-96.2,,,,,,,,,,,,,,,,
20.10,-87.2,,,,,,,,,,,,,,,,
20.12,-78.1,,,,,,,,,,,,,,,,
20.14,-65.3,,,,,,,,,,,,,,,,
20.16,-44.3,,,,,,,,,,,,,,,,
20.18,-32.1,,,,,,,,,,,,,,,,
20.20,-31.5,,,,,,,,,,,,,,,,
20.22,-38.2,,,,,,,,,,,,,,,,
20.24,-45.5,,,,,,,,,,,,,,,,
20.26,-40.7,,,,,,,,,,,,,,,,
20.28,-20.8,,,,,,,,,,,,,,,,
20.30,0.5,,,,,,,,,,,,,,,,
20.32,24.1,,,,,,,,,,,,,,,,
20.34,40.9,,,,,,,,,,,,,,,,
20.36,49.3,,,,,,,,,,,,,,,,
20.38,57.0,,,,,,,,,,,,,,,,
20.40,73.4,,,,,,,,,,,,,,,,
20.42,90.9,,,,,,,,,,,,,,,,
20.44,98.1,,,,,,,,,,,,,,,,
20.46,91.8,,,,,,,,,,,,,,,,
20.48,79.6,,,,,,,,,,,,,,,,
20.50,66.1,,,,,,,,,,,,,,,,
20.52,51.6,,,,,,,,,,,,,,,,
20.54,37.3,,,,,,,,,,,,,,,,
20.56,25.5,,,,,,,,,,,,,,,,
20.58,19.2,,,,,,,,,,,,,,,,
20.60,20.4,,,,,,,,,,,,,,,,
20.62,24.3,,,,,,,,,,,,,,,,
20.64,29.4,,,,,,,,,,,,,,,,
20.66,35.3,,,,,,,,,,,,,,,,
20.68,39.3,,,,,,,,,,,,,,,,
20.70,45.1,,,,,,,,,,,,,,,,
20.72,56.0,,,,,,,,,,,,,,,,
20.74,67.8,,,,,,,,,,,,,,,,
20.76,70.2,,,,,,,,,,,,,,,,
20.78,72.6,,,,,,,,,,,,,,,,
20.80,75.9,,,,,,,,,,,,,,,,
20.82,67.2,,,,,,,,,,,,,,,,
20.84,45.7,,,,,,,,,,,,,,,,
20.86,31.8,,,,,,,,,,,,,,,,
20.88,23.7,,,,,,,,,,,,,,,,
20.90,18.7,,,,,,,,,,,,,,,,
20.92,15.0,,,,,,,,,,,,,,,,
20.94,15.2,,,,,,,,,,,,,,,,
20.96,20.4,,,,,,,,,,,,,,,,
20.98,34.7,,,,,,,,,,,,,,,,
21.00,51.1,,,,,,,,,,,,,,,,
21.02,62.1,,,,,,,,,,,,,,,,
21.04,65.1,,,,,,,,,,,,,,,,
21.06,60.4,,,,,,,,,,,,,,,,
21.08,47.5,,,,,,,,,,,,,,,,
21.10,30.4,,,,,,,,,,,,,,,,
21.12,16.8,,,,,,,,,,,,,,,,
21.14,5.8,,,,,,,,,,,,,,,,
21.16,-4.7,,,,,,,,,,,,,,,,
21.18,-14.5,,,,,,,,,,,,,,,,
21.20,-22.5,,,,,,,,,,,,,,,,
21.22,-31.2,,,,,,,,,,,,,,,,
21.24,-42.6,,,,,,,,,,,,,,,,
21.26,-58.4,,,,,,,,,,,,,,,,
21.28,-71.8,,,,,,,,,,,,,,,,
21.30,-83.5,,,,,,,,,,,,,,,,
21.32,-84.7,,,,,,,,,,,,,,,,
21.34,-80.0,,,,,,,,,,,,,,,,
21.36,-71.6,,,,,,,,,,,,,,,,
21.38,-62.0,,,,,,,,,,,,,,,,
21.40,-53.1,,,,,,,,,,,,,,,,
21.42,-42.2,,,,,,,,,,,,,,,,
21.44,-20.7,,,,,,,,,,,,,,,,
21.46,9.6,,,,,,,,,,,,,,,,
21.48,37.5,,,,,,,,,,,,,,,,
21.50,52.3,,,,,,,,,,,,,,,,
21.52,57.9,,,,,,,,,,,,,,,,
21.54,58.0,,,,,,,,,,,,,,,,
21.56,56.9,,,,,,,,,,,,,,,,
21.58,51.8,,,,,,,,,,,,,,,,
21.60,37.4,,,,,,,,,,,,,,,,
21.62,19.4,,,,,,,,,,,,,,,,
21.64,10.5,,,,,,,,,,,,,,,,
21.66,3.2,,,,,,,,,,,,,,,,
21.68,-1.0,,,,,,,,,,,,,,,,
21.70,-4.7,,,,,,,,,,,,,,,,
21.72,-8.7,,,,,,,,,,,,,,,,
21.74,-14.3,,,,,,,,,,,,,,,,
21.76,-21.7,,,,,,,,,,,,,,,,
21.78,-29.0,,,,,,,,,,,,,,,,
21.80,-32.1,,,,,,,,,,,,,,,,
21.82,-32.0,,,,,,,,,,,,,,,,
21.84,-32.3,,,,,,,,,,,,,,,,
21.86,-34.1,,,,,,,,,,,,,,,,
21.88,-36.3,,,,,,,,,,,,,,,,
21.90,-36.8,,,,,,,,,,,,,,,,
21.92,-37.2,,,,,,,,,,,,,,,,
21.94,-39.1,,,,,,,,,,,,,,,,
21.96,-41.7,,,,,,,,,,,,,,,,
21.98,-35.9,,,,,,,,,,,,,,,,
22.00,-23.1,,,,,,,,,,,,,,,,
22.02,-17.2,,,,,,,,,,,,,,,,
22.04,-17.4,,,,,,,,,,,,,,,,
22.06,-16.1,,,,,,,,,,,,,,,,
22.08,-13.7,,,,,,,,,,,,,,,,
22.10,-13.5,,,,,,,,,,,,,,,,
22.12,-20.4,,,,,,,,,,,,,,,,
22.14,-26.4,,,,,,,,,,,,,,,,
22.16,-25.2,,,,,,,,,,,,,,,,
22.18,-20.2,,,,,,,,,,,,,,,,
22.20,-14.3,,,,,,,,,,,,,,,,
22.22,-8.8,,,,,,,,,,,,,,,,
22.24,-0.3,,,,,,,,,,,,,,,,
22.26,5.2,,,,,,,,,,,,,,,,
22.28,3.6,,,,,,,,,,,,,,,,
22.30,-1.5,,,,,,,,,,,,,,,,
22.32,-10.5,,,,,,,,,,,,,,,,
22.34,-21.6,,,,,,,,,,,,,,,,
22.36,-26.0,,,,,,,,,,,,,,,,
22.38,-26.1,,,,,,,,,,,,,,,,
22.40,-28.2,,,,,,,,,,,,,,,,
22.42,-31.4,,,,,,,,,,,,,,,,
22.44,-33.1,,,,,,,,,,,,,,,,
22.46,-30.5,,,,,,,,,,,,,,,,
22.48,-26.6,,,,,,,,,,,,,,,,
22.50,-28.7,,,,,,,,,,,,,,,,
22.52,-38.6,,,,,,,,,,,,,,,,
22.54,-45.0,,,,,,,,,,,,,,,,
22.56,-44.4,,,,,,,,,,,,,,,,
22.58,-42.1,,,,,,,,,,,,,,,,
22.60,-39.9,,,,,,,,,,,,,,,,
22.62,-32.0,,,,,,,,,,,,,,,,
22.64,-14.5,,,,,,,,,,,,,,,,
22.66,5.4,,,,,,,,,,,,,,,,
22.68,28.7,,,,,,,,,,,,,,,,
22.70,51.4,,,,,,,,,,,,,,,,
22.72,67.8,,,,,,,,,,,,,,,,
22.74,76.1,,,,,,,,,,,,,,,,
22.76,80.3,,,,,,,,,,,,,,,,
22.78,79.4,,,,,,,,,,,,,,,,
22.80,73.7,,,,,,,,,,,,,,,,
22.82,65.0,,,,,,,,,,,,,,,,
22.84,49.9,,,,,,,,,,,,,,,,
22.86,27.6,,,,,,,,,,,,,,,,
22.88,6.3,,,,,,,,,,,,,,,,
22.90,-13.0,,,,,,,,,,,,,,,,
22.92,-22.0,,,,,,,,,,,,,,,,
22.94,-21.6,,,,,,,,,,,,,,,,
22.96,-11.9,,,,,,,,,,,,,,,,
22.98,1.1,,,,,,,,,,,,,,,,
23.00,7.0,,,,,,,,,,,,,,,,
23.02,7.0,,,,,,,,,,,,,,,,
23.04,6.5,,,,,,,,,,,,,,,,
23.06,7.4,,,,,,,,,,,,,,,,
23.08,13.4,,,,,,,,,,,,,,,,
23.10,19.7,,,,,,,,,,,,,,,,
23.12,26.6,,,,,,,,,,,,,,,,
23.14,31.6,,,,,,,,,,,,,,,,
23.16,29.8,,,,,,,,,,,,,,,,
23.18,20.7,,,,,,,,,,,,,,,,
23.20,5.5,,,,,,,,,,,,,,,,
23.22,-10.5,,,,,,,,,,,,,,,,
23.24,-24.4,,,,,,,,,,,,,,,,
23.26,-29.4,,,,,,,,,,,,,,,,
23.28,-30.5,,,,,,,,,,,,,,,,
23.30,-27.1,,,,,,,,,,,,,,,,
23.32,-26.2,,,,,,,,,,,,,,,,
23.34,-30.4,,,,,,,,,,,,,,,,
23.36,-36.2,,,,,,,,,,,,,,,,
23.38,-36.7,,,,,,,,,,,,,,,,
23.40,-34.0,,,,,,,,,,,,,,,,
23.42,-32.1,,,,,,,,,,,,,,,,
23.44,-27.6,,,,,,,,,,,,,,,,
23.46,-23.5,,,,,,,,,,,,,,,,
23.48,-18.1,,,,,,,,,,,,,,,,
23.50,-10.5,,,,,,,,,,,,,,,,
23.52,1.6,,,,,,,,,,,,,,,,
23.54,11.9,,,,,,,,,,,,,,,,
23.56,14.4,,,,,,,,,,,,,,,,
23.58,14.8,,,,,,,,,,,,,,,,
23.60,21.9,,,,,,,,,,,,,,,,
23.62,35.1,,,,,,,,,,,,,,,,
23.64,43.7,,,,,,,,,,,,,,,,
23.66,38.9,,,,,,,,,,,,,,,,
23.68,29.7,,,,,,,,,,,,,,,,
23.70,25.7,,,,,,,,,,,,,,,,
23.72,33.5,,,,,,,,,,,,,,,,
23.74,49.1,,,,,,,,,,,,,,,,
23.76,60.3,,,,,,,,,,,,,,,,
23.78,60.9,,,,,,,,,,,,,,,,
23.80,52.5,,,,,,,,,,,,,,,,
23.82,44.9,,,,,,,,,,,,,,,,
23.84,42.2,,,,,,,,,,,,,,,,
23.86,42.0,,,,,,,,,,,,,,,,
23.88,40.6,,,,,,,,,,,,,,,,
23.90,34.5,,,,,,,,,,,,,,,,
23.92,21.3,,,,,,,,,,,,,,,,
23.94,3.9,,,,,,,,,,,,,,,,
23.96,-10.7,,,,,,,,,,,,,,,,
23.98,-15.4,,,,,,,,,,,,,,,,
24.00,-15.4,,,,,,,,,,,,,,,,
24.02,-14.5,,,,,,,,,,,,,,,,
24.04,-25.5,,,,,,,,,,,,,,,,
24.06,-38.4,,,,,,,,,,,,,,,,
24.08,-49.7,,,,,,,,,,,,,,,,
24.10,-59.3,,,,,,,,,,,,,,,,
24.12,-61.5,,,,,,,,,,,,,,,,
24.14,-52.8,,,,,,,,,,,,,,,,
24.16,-34.9,,,,,,,,,,,,,,,,
24.18,-16.4,,,,,,,,,,,,,,,,
24.20,-3.0,,,,,,,,,,,,,,,,
24.22,0.6,,,,,,,,,,,,,,,,
24.24,-0.1,,,,,,,,,,,,,,,,
24.26,-0.7,,,,,,,,,,,,,,,,
24.28,5.7,,,,,,,,,,,,,,,,
24.30,23.0,,,,,,,,,,,,,,,,
24.32,37.5,,,,,,,,,,,,,,,,
24.34,34.6,,,,,,,,,,,,,,,,
24.36,18.7,,,,,,,,,,,,,,,,
24.38,0.7,,,,,,,,,,,,,,,,
24.40,-15.6,,,,,,,,,,,,,,,,
24.42,-24.6,,,,,,,,,,,,,,,,
24.44,-28.5,,,,,,,,,,,,,,,,
24.46,-28.4,,,,,,,,,,,,,,,,
24.48,-24.2,,,,,,,,,,,,,,,,
24.50,-23.6,,,,,,,,,,,,,,,,
24.52,-27.0,,,,,,,,,,,,,,,,
24.54,-29.2,,,,,,,,,,,,,,,,
24.56,-27.1,,,,,,,,,,,,,,,,
24.58,-10.9,,,,,,,,,,,,,,,,
24.60,5.6,,,,,,,,,,,,,,,,
24.62,14.8,,,,,,,,,,,,,,,,
24.64,14.1,,,,,,,,,,,,,,,,
24.66,14.2,,,,,,,,,,,,,,,,
24.68,24.5,,,,,,,,,,,,,,,,
24.70,34.0,,,,,,,,,,,,,,,,
24.72,37.9,,,,,,,,,,,,,,,,
24.74,32.9,,,,,,,,,,,,,,,,
24.76,19.6,,,,,,,,,,,,,,,,
24.78,5.6,,,,,,,,,,,,,,,,
24.80,1.4,,,,,,,,,,,,,,,,
24.82,4.4,,,,,,,,,,,,,,,,
24.84,13.6,,,,,,,,,,,,,,,,
24.86,22.1,,,,,,,,,,,,,,,,
24.88,24.1,,,,,,,,,,,,,,,,
24.90,22.3,,,,,,,,,,,,,,,,
24.92,18.1,,,,,,,,,,,,,,,,
24.94,15.5,,,,,,,,,,,,,,,,
24.96,15.5,,,,,,,,,,,,,,,,
24.98,17.0,,,,,,,,,,,,,,,,
25.00,6.6,,,,,,,,,,,,,,,,
25.02,-3.7,,,,,,,,,,,,,,,,
25.04,-9.4,,,,,,,,,,,,,,,,
25.06,-14.4,,,,,,,,,,,,,,,,
25.08,-18.5,,,,,,,,,,,,,,,,
25.10,-19.8,,,,,,,,,,,,,,,,
25.12,-16.8,,,,,,,,,,,,,,,,
25.14,-14.1,,,,,,,,,,,,,,,,
25.16,-16.2,,,,,,,,,,,,,,,,
25.18,-22.3,,,,,,,,,,,,,,,,
25.20,-27.0,,,,,,,,,,,,,,,,
25.22,-26.1,,,,,,,,,,,,,,,,
25.24,-24.8,,,,,,,,,,,,,,,,
25.26,-31.9,,,,,,,,,,,,,,,,
25.28,-41.6,,,,,,,,,,,,,,,,
25.30,-42.7,,,,,,,,,,,,,,,,
25.32,-36.9,,,,,,,,,,,,,,,,
25.34,-25.2,,,,,,,,,,,,,,,,
25.36,-20.9,,,,,,,,,,,,,,,,
25.38,-32.2,,,,,,,,,,,,,,,,
25.40,-44.3,,,,,,,,,,,,,,,,
25.42,-45.8,,,,,,,,,,,,,,,,
25.44,-35.6,,,,,,,,,,,,,,,,
25.46,-25.2,,,,,,,,,,,,,,,,
25.48,-25.0,,,,,,,,,,,,,,,,
25.50,-36.0,,,,,,,,,,,,,,,,
25.52,-48.2,,,,,,,,,,,,,,,,
25.54,-49.9,,,,,,,,,,,,,,,,
25.56,-47.6,,,,,,,,,,,,,,,,
25.58,-39.7,,,,,,,,,,,,,,,,
25.60,-25.9,,,,,,,,,,,,,,,,
25.62,-9.7,,,,,,,,,,,,,,,,
25.64,-2.0,,,,,,,,,,,,,,,,
25.66,3.0,,,,,,,,,,,,,,,,
25.68,11.2,,,,,,,,,,,,,,,,
25.70,20.3,,,,,,,,,,,,,,,,
25.72,29.5,,,,,,,,,,,,,,,,
25.74,36.6,,,,,,,,,,,,,,,,
25.76,42.7,,,,,,,,,,,,,,,,
25.78,46.3,,,,,,,,,,,,,,,,
25.80,43.0,,,,,,,,,,,,,,,,
25.82,40.9,,,,,,,,,,,,,,,,
25.84,40.0,,,,,,,,,,,,,,,,
25.86,42.0,,,,,,,,,,,,,,,,
25.88,46.2,,,,,,,,,,,,,,,,
25.90,57.7,,,,,,,,,,,,,,,,
25.92,68.3,,,,,,,,,,,,,,,,
25.94,72.3,,,,,,,,,,,,,,,,
25.96,54.9,,,,,,,,,,,,,,,,
25.98,41.2,,,,,,,,,,,,,,,,
26.00,31.3,,,,,,,,,,,,,,,,
26.02,30.5,,,,,,,,,,,,,,,,
26.04,32.5,,,,,,,,,,,,,,,,
26.06,34.3,,,,,,,,,,,,,,,,
26.08,34.0,,,,,,,,,,,,,,,,
26.10,31.7,,,,,,,,,,,,,,,,
26.12,30.9,,,,,,,,,,,,,,,,
26.14,33.2,,,,,,,,,,,,,,,,
26.16,34.4,,,,,,,,,,,,,,,,
26.18,30.3,,,,,,,,,,,,,,,,
26.20,23.1,,,,,,,,,,,,,,,,
26.22,19.7,,,,,,,,,,,,,,,,
26.24,24.5,,,,,,,,,,,,,,,,
26.26,36.7,,,,,,,,,,,,,,,,
26.28,52.2,,,,,,,,,,,,,,,,
26.30,53.4,,,,,,,,,,,,,,,,
26.32,37.4,,,,,,,,,,,,,,,,
26.34,16.0,,,,,,,,,,,,,,,,
26.36,-0.9,,,,,,,,,,,,,,,,
26.38,-7.2,,,,,,,,,,,,,,,,
26.40,-3.9,,,,,,,,,,,,,,,,
26.42,8.2,,,,,,,,,,,,,,,,
26.44,27.1,,,,,,,,,,,,,,,,
26.46,41.7,,,,,,,,,,,,,,,,
26.48,42.6,,,,,,,,,,,,,,,,
26.50,32.8,,,,,,,,,,,,,,,,
26.52,18.5,,,,,,,,,,,,,,,,
26.54,5.5,,,,,,,,,,,,,,,,
26.56,-3.1,,,,,,,,,,,,,,,,
26.58,-3.1,,,,,,,,,,,,,,,,
26.60,-0.2,,,,,,,,,,,,,,,,
26.62,-2.2,,,,,,,,,,,,,,,,
26.64,-12.2,,,,,,,,,,,,,,,,
26.66,-19.3,,,,,,,,,,,,,,,,
26.68,-20.4,,,,,,,,,,,,,,,,
26.70,-16.1,,,,,,,,,,,,,,,,
26.72,-10.1,,,,,,,,,,,,,,,,
26.74,3.4,,,,,,,,,,,,,,,,
26.76,20.1,,,,,,,,,,,,,,,,
26.78,32.4,,,,,,,,,,,,,,,,
26.80,24.2,,,,,,,,,,,,,,,,
26.82,0.6,,,,,,,,,,,,,,,,
26.84,-27.1,,,,,,,,,,,,,,,,
26.86,-45.0,,,,,,,,,,,,,,,,
26.88,-47.3,,,,,,,,,,,,,,,,
26.90,-34.6,,,,,,,,,,,,,,,,
26.92,-17.5,,,,,,,,,,,,,,,,
26.94,-3.9,,,,,,,,,,,,,,,,
26.96,-8.3,,,,,,,,,,,,,,,,
26.98,-23.0,,,,,,,,,,,,,,,,
27.00,-42.1,,,,,,,,,,,,,,,,
27.02,-46.5,,,,,,,,,,,,,,,,
27.04,-37.0,,,,,,,,,,,,,,,,
27.06,-21.4,,,,,,,,,,,,,,,,
27.08,-10.5,,,,,,,,,,,,,,,,
27.10,-13.4,,,,,,,,,,,,,,,,
27.12,-29.7,,,,,,,,,,,,,,,,
27.14,-49.4,,,,,,,,,,,,,,,,
27.16,-55.5,,,,,,,,,,,,,,,,
27.18,-55.0,,,,,,,,,,,,,,,,
27.20,-46.2,,,,,,,,,,,,,,,,
27.22,-31.1,,,,,,,,,,,,,,,,
27.24,-17.6,,,,,,,,,,,,,,,,
27.26,-18.7,,,,,,,,,,,,,,,,
27.28,-35.2,,,,,,,,,,,,,,,,
27.30,-50.1,,,,,,,,,,,,,,,,
27.32,-59.3,,,,,,,,,,,,,,,,
27.34,-65.4,,,,,,,,,,,,,,,,
27.36,-68.2,,,,,,,,,,,,,,,,
27.38,-67.4,,,,,,,,,,,,,,,,
27.40,-61.4,,,,,,,,,,,,,,,,
27.42,-56.4,,,,,,,,,,,,,,,,
27.44,-52.4,,,,,,,,,,,,,,,,
27.46,-50.6,,,,,,,,,,,,,,,,
27.48,-46.5,,,,,,,,,,,,,,,,
27.50,-38.5,,,,,,,,,,,,,,,,
27.52,-29.3,,,,,,,,,,,,,,,,
27.54,-20.9,,,,,,,,,,,,,,,,
27.56,-13.3,,,,,,,,,,,,,,,,
27.58,-9.9,,,,,,,,,,,,,,,,
27.60,-8.0,,,,,,,,,,,,,,,,
27.62,-7.5,,,,,,,,,,,,,,,,
27.64,-9.6,,,,,,,,,,,,,,,,
27.66,-4.9,,,,,,,,,,,,,,,,
27.68,9.0,,,,,,,,,,,,,,,,
27.70,17.5,,,,,,,,,,,,,,,,
27.72,14.1,,,,,,,,,,,,,,,,
27.74,-0.6,,,,,,,,,,,,,,,,
27.76,-10.3,,,,,,,,,,,,,,,,
27.78,-11.2,,,,,,,,,,,,,,,,
27.80,-9.8,,,,,,,,,,,,,,,,
27.82,-7.8,,,,,,,,,,,,,,,,
27.84,-3.2,,,,,,,,,,,,,,,,
27.86,2.1,,,,,,,,,,,,,,,,
27.88,-0.7,,,,,,,,,,,,,,,,
27.90,-13.9,,,,,,,,,,,,,,,,
27.92,-31.3,,,,,,,,,,,,,,,,
27.94,-32.2,,,,,,,,,,,,,,,,
27.96,-21.4,,,,,,,,,,,,,,,,
27.98,-9.9,,,,,,,,,,,,,,,,
28.00,-9.9,,,,,,,,,,,,,,,,
28.02,-11.7,,,,,,,,,,,,,,,,
28.04,-6.9,,,,,,,,,,,,,,,,
28.06,5.7,,,,,,,,,,,,,,,,
28.08,24.9,,,,,,,,,,,,,,,,
28.10,40.1,,,,,,,,,,,,,,,,
28.12,42.9,,,,,,,,,,,,,,,,
28.14,39.1,,,,,,,,,,,,,,,,
28.16,32.4,,,,,,,,,,,,,,,,
28.18,30.0,,,,,,,,,,,,,,,,
28.20,30.6,,,,,,,,,,,,,,,,
28.22,40.3,,,,,,,,,,,,,,,,
28.24,54.7,,,,,,,,,,,,,,,,
28.26,64.5,,,,,,,,,,,,,,,,
28.28,63.6,,,,,,,,,,,,,,,,
28.30,64.9,,,,,,,,,,,,,,,,
28.32,65.1,,,,,,,,,,,,,,,,
28.34,62.6,,,,,,,,,,,,,,,,
28.36,59.7,,,,,,,,,,,,,,,,
28.38,58.3,,,,,,,,,,,,,,,,
28.40,48.9,,,,,,,,,,,,,,,,
28.42,27.3,,,,,,,,,,,,,,,,
28.44,2.5,,,,,,,,,,,,,,,,
28.46,-7.5,,,,,,,,,,,,,,,,
28.48,-4.6,,,,,,,,,,,,,,,,
28.50,7.5,,,,,,,,,,,,,,,,
28.52,8.0,,,,,,,,,,,,,,,,
28.54,-2.8,,,,,,,,,,,,,,,,
28.56,-22.2,,,,,,,,,,,,,,,,
28.58,-31.5,,,,,,,,,,,,,,,,
28.60,-21.1,,,,,,,,,,,,,,,,
28.62,0.4,,,,,,,,,,,,,,,,
28.64,18.0,,,,,,,,,,,,,,,,
28.66,28.9,,,,,,,,,,,,,,,,
28.68,27.1,,,,,,,,,,,,,,,,
28.70,21.4,,,,,,,,,,,,,,,,
28.72,21.1,,,,,,,,,,,,,,,,
28.74,28.5,,,,,,,,,,,,,,,,
28.76,39.3,,,,,,,,,,,,,,,,
28.78,46.5,,,,,,,,,,,,,,,,
28.80,40.8,,,,,,,,,,,,,,,,
28.82,27.3,,,,,,,,,,,,,,,,
28.84,18.8,,,,,,,,,,,,,,,,
28.86,21.7,,,,,,,,,,,,,,,,
28.88,34.9,,,,,,,,,,,,,,,,
28.90,49.6,,,,,,,,,,,,,,,,
28.92,57.8,,,,,,,,,,,,,,,,
28.94,53.7,,,,,,,,,,,,,,,,
28.96,43.8,,,,,,,,,,,,,,,,
28.98,39.4,,,,,,,,,,,,,,,,
29.00,39.6,,,,,,,,,,,,,,,,
29.02,26.6,,,,,,,,,,,,,,,,
29.04,16.8,,,,,,,,,,,,,,,,
29.06,2.4,,,,,,,,,,,,,,,,
29.08,0.5,,,,,,,,,,,,,,,,
29.10,8.7,,,,,,,,,,,,,,,,
29.12,26.6,,,,,,,,,,,,,,,,
29.14,41.0,,,,,,,,,,,,,,,,
29.16,42.4,,,,,,,,,,,,,,,,
29.18,27.1,,,,,,,,,,,,,,,,
29.20,-4.2,,,,,,,,,,,,,,,,
29.22,-39.7,,,,,,,,,,,,,,,,
29.24,-53.5,,,,,,,,,,,,,,,,
29.26,-52.5,,,,,,,,,,,,,,,,
29.28,-42.4,,,,,,,,,,,,,,,,
29.30,-27.0,,,,,,,,,,,,,,,,
29.32,-8.9,,,,,,,,,,,,,,,,
29.34,4.4,,,,,,,,,,,,,,,,
29.36,-0.5,,,,,,,,,,,,,,,,
29.38,-7.3,,,,,,,,,,,,,,,,
29.40,-9.8,,,,,,,,,,,,,,,,
29.42,-8.2,,,,,,,,,,,,,,,,
29.44,-11.4,,,,,,,,,,,,,,,,
29.46,-26.7,,,,,,,,,,,,,,,,
29.48,-49.3,,,,,,,,,,,,,,,,
29.50,-65.5,,,,,,,,,,,,,,,,
29.52,-61.6,,,,,,,,,,,,,,,,
29.54,-49.6,,,,,,,,,,,,,,,,
29.56,-42.9,,,,,,,,,,,,,,,,
29.58,-42.3,,,,,,,,,,,,,,,,
29.60,-45.7,,,,,,,,,,,,,,,,
29.62,-44.0,,,,,,,,,,,,,,,,
29.64,-40.1,,,,,,,,,,,,,,,,
29.66,-32.4,,,,,,,,,,,,,,,,
29.68,-30.8,,,,,,,,,,,,,,,,
29.70,-40.5,,,,,,,,,,,,,,,,
29.72,-56.0,,,,,,,,,,,,,,,,
29.74,-59.3,,,,,,,,,,,,,,,,
29.76,-47.4,,,,,,,,,,,,,,,,
29.78,-29.6,,,,,,,,,,,,,,,,
29.80,-13.7,,,,,,,,,,,,,,,,
29.82,-6.7,,,,,,,,,,,,,,,,
29.84,-9.8,,,,,,,,,,,,,,,,
29.86,-23.6,,,,,,,,,,,,,,,,
29.88,-35.7,,,,,,,,,,,,,,,,
29.90,-35.2,,,,,,,,,,,,,,,,
29.92,-34.8,,,,,,,,,,,,,,,,
29.94,-43.0,,,,,,,,,,,,,,,,
29.96,-52.1,,,,,,,,,,,,,,,,
29.98,-51.0,,,,,,,,,,,,,,,,
30.00,-45.5,,,,,,,,,,,,,,,,
30.02,-40.5,,,,,,,,,,,,,,,,
30.04,-36.3,,,,,,,,,,,,,,,,
30.06,-22.2,,,,,,,,,,,,,,,,
30.08,1.6,,,,,,,,,,,,,,,,
30.10,20.1,,,,,,,,,,,,,,,,
30.12,22.6,,,,,,,,,,,,,,,,
30.14,14.6,,,,,,,,,,,,,,,,
30.16,9.5,,,,,,,,,,,,,,,,
30.18,12.1,,,,,,,,,,,,,,,,
30.20,12.2,,,,,,,,,,,,,,,,
30.22,6.1,,,,,,,,,,,,,,,,
30.24,-17.7,,,,,,,,,,,,,,,,
30.26,-37.0,,,,,,,,,,,,,,,,
30.28,-35.2,,,,,,,,,,,,,,,,
30.30,-24.6,,,,,,,,,,,,,,,,
30.32,-21.8,,,,,,,,,,,,,,,,
30.34,-26.7,,,,,,,,,,,,,,,,
30.36,-42.8,,,,,,,,,,,,,,,,
30.38,-53.4,,,,,,,,,,,,,,,,
30.40,-57.1,,,,,,,,,,,,,,,,
30.42,-49.6,,,,,,,,,,,,,,,,
30.44,-34.9,,,,,,,,,,,,,,,,
30.46,-16.0,,,,,,,,,,,,,,,,
30.48,-6.5,,,,,,,,,,,,,,,,
30.50,-15.8,,,,,,,,,,,,,,,,
30.52,-29.1,,,,,,,,,,,,,,,,
30.54,-29.5,,,,,,,,,,,,,,,,
30.56,-3.3,,,,,,,,,,,,,,,,
30.58,35.0,,,,,,,,,,,,,,,,
30.60,36.5,,,,,,,,,,,,,,,,
30.62,15.1,,,,,,,,,,,,,,,,
30.64,-11.5,,,,,,,,,,,,,,,,
30.66,-32.9,,,,,,,,,,,,,,,,
30.68,-21.6,,,,,,,,,,,,,,,,
30.70,3.9,,,,,,,,,,,,,,,,
30.72,23.2,,,,,,,,,,,,,,,,
30.74,33.5,,,,,,,,,,,,,,,,
30.76,37.0,,,,,,,,,,,,,,,,
30.78,31.2,,,,,,,,,,,,,,,,
30.80,13.8,,,,,,,,,,,,,,,,
30.82,3.9,,,,,,,,,,,,,,,,
30.84,20.1,,,,,,,,,,,,,,,,
30.86,27.7,,,,,,,,,,,,,,,,
30.88,21.1,,,,,,,,,,,,,,,,
30.90,1.9,,,,,,,,,,,,,,,,
30.92,-18.2,,,,,,,,,,,,,,,,
30.94,-13.0,,,,,,,,,,,,,,,,
30.96,8.9,,,,,,,,,,,,,,,,
30.98,28.7,,,,,,,,,,,,,,,,
31.00,51.8,,,,,,,,,,,,,,,,
31.02,74.2,,,,,,,,,,,,,,,,
31.04,83.7,,,,,,,,,,,,,,,,
31.06,79.5,,,,,,,,,,,,,,,,
31.08,72.0,,,,,,,,,,,,,,,,
31.10,75.3,,,,,,,,,,,,,,,,
31.12,86.6,,,,,,,,,,,,,,,,
31.14,96.9,,,,,,,,,,,,,,,,
31.16,96.9,,,,,,,,,,,,,,,,
31.18,84.2,,,,,,,,,,,,,,,,
31.20,64.2,,,,,,,,,,,,,,,,
31.22,33.1,,,,,,,,,,,,,,,,
31.24,8.5,,,,,,,,,,,,,,,,
31.26,1.8,,,,,,,,,,,,,,,,
31.28,8.2,,,,,,,,,,,,,,,,
31.30,8.2,,,,,,,,,,,,,,,,
31.32,-6.2,,,,,,,,,,,,,,,,
31.34,-33.3,,,,,,,,,,,,,,,,
31.36,-45.9,,,,,,,,,,,,,,,,
31.38,-38.6,,,,,,,,,,,,,,,,
31.40,-13.4,,,,,,,,,,,,,,,,
31.42,28.2,,,,,,,,,,,,,,,,
31.44,38.4,,,,,,,,,,,,,,,,
31.46,37.4,,,,,,,,,,,,,,,,
31.48,20.9,,,,,,,,,,,,,,,,
31.50,0.2,,,,,,,,,,,,,,,,
31.52,-17.2,,,,,,,,,,,,,,,,
31.54,-21.8,,,,,,,,,,,,,,,,
31.56,-28.4,,,,,,,,,,,,,,,,
31.58,-26.5,,,,,,,,,,,,,,,,
31.60,-9.5,,,,,,,,,,,,,,,,
31.62,-5.6,,,,,,,,,,,,,,,,
31.64,-15.1,,,,,,,,,,,,,,,,
31.66,-17.3,,,,,,,,,,,,,,,,
31.68,-7.3,,,,,,,,,,,,,,,,
31.70,12.4,,,,,,,,,,,,,,,,
31.72,20.8,,,,,,,,,,,,,,,,
31.74,18.5,,,,,,,,,,,,,,,,
31.76,22.0,,,,,,,,,,,,,,,,
31.78,40.6,,,,,,,,,,,,,,,,
31.80,60.1,,,,,,,,,,,,,,,,
31.82,66.9,,,,,,,,,,,,,,,,
31.84,53.9,,,,,,,,,,,,,,,,
31.86,35.2,,,,,,,,,,,,,,,,
31.88,16.5,,,,,,,,,,,,,,,,
31.90,4.9,,,,,,,,,,,,,,,,
31.92,2.6,,,,,,,,,,,,,,,,
31.94,11.6,,,,,,,,,,,,,,,,
31.96,24.4,,,,,,,,,,,,,,,,
31.98,34.1,,,,,,,,,,,,,,,,
32.00,39.8,,,,,,,,,,,,,,,,
32.02,42.0,,,,,,,,,,,,,,,,
32.04,47.9,,,,,,,,,,,,,,,,
32.06,57.7,,,,,,,,,,,,,,,,
32.08,67.4,,,,,,,,,,,,,,,,
32.10,61.3,,,,,,,,,,,,,,,,
32.12,30.8,,,,,,,,,,,,,,,,
32.14,-8.9,,,,,,,,,,,,,,,,
32.16,-43.2,,,,,,,,,,,,,,,,
32.18,-60.2,,,,,,,,,,,,,,,,
32.20,-59.8,,,,,,,,,,,,,,,,
32.22,-29.0,,,,,,,,,,,,,,,,
32.24,9.0,,,,,,,,,,,,,,,,
32.26,25.4,,,,,,,,,,,,,,,,
32.28,13.6,,,,,,,,,,,,,,,,
32.30,-1.0,,,,,,,,,,,,,,,,
32.32,-15.1,,,,,,,,,,,,,,,,
32.34,-19.7,,,,,,,,,,,,,,,,
32.36,-20.6,,,,,,,,,,,,,,,,
32.38,-21.9,,,,,,,,,,,,,,,,
32.40,-31.9,,,,,,,,,,,,,,,,
32.42,-42.8,,,,,,,,,,,,,,,,
32.44,-55.4,,,,,,,,,,,,,,,,
32.46,-61.4,,,,,,,,,,,,,,,,
32.48,-57.2,,,,,,,,,,,,,,,,
32.50,-45.6,,,,,,,,,,,,,,,,
32.52,-41.2,,,,,,,,,,,,,,,,
32.54,-44.7,,,,,,,,,,,,,,,,
32.56,-46.4,,,,,,,,,,,,,,,,
32.58,-49.8,,,,,,,,,,,,,,,,
32.60,-53.8,,,,,,,,,,,,,,,,
32.62,-50.3,,,,,,,,,,,,,,,,
32.64,-40.3,,,,,,,,,,,,,,,,
32.66,-30.9,,,,,,,,,,,,,,,,
32.68,-27.6,,,,,,,,,,,,,,,,
32.70,-38.0,,,,,,,,,,,,,,,,
32.72,-56.0,,,,,,,,,,,,,,,,
32.74,-61.9,,,,,,,,,,,,,,,,
32.76,-41.9,,,,,,,,,,,,,,,,
32.78,-18.1,,,,,,,,,,,,,,,,
32.80,-4.9,,,,,,,,,,,,,,,,
32.82,10.7,,,,,,,,,,,,,,,,
32.84,18.5,,,,,,,,,,,,,,,,
32.86,14.8,,,,,,,,,,,,,,,,
32.88,8.5,,,,,,,,,,,,,,,,
32.90,11.9,,,,,,,,,,,,,,,,
32.92,29.2,,,,,,,,,,,,,,,,
32.94,49.2,,,,,,,,,,,,,,,,
32.96,62.7,,,,,,,,,,,,,,,,
32.98,55.1,,,,,,,,,,,,,,,,
33.00,38.2,,,,,,,,,,,,,,,,
33.02,19.8,,,,,,,,,,,,,,,,
33.04,-0.8,,,,,,,,,,,,,,,,
33.06,-9.0,,,,,,,,,,,,,,,,
33.08,-3.0,,,,,,,,,,,,,,,,
33.10,16.0,,,,,,,,,,,,,,,,
33.12,22.4,,,,,,,,,,,,,,,,
33.14,12.5,,,,,,,,,,,,,,,,
33.16,3.9,,,,,,,,,,,,,,,,
33.18,0.6,,,,,,,,,,,,,,,,
33.20,3.0,,,,,,,,,,,,,,,,
33.22,13.1,,,,,,,,,,,,,,,,
33.24,28.9,,,,,,,,,,,,,,,,
33.26,37.3,,,,,,,,,,,,,,,,
33.28,36.3,,,,,,,,,,,,,,,,
33.30,17.3,,,,,,,,,,,,,,,,
33.32,-7.6,,,,,,,,,,,,,,,,
33.34,-30.0,,,,,,,,,,,,,,,,
33.36,-40.0,,,,,,,,,,,,,,,,
33.38,-48.3,,,,,,,,,,,,,,,,
33.40,-48.3,,,,,,,,,,,,,,,,
33.42,-51.5,,,,,,,,,,,,,,,,
33.44,-58.6,,,,,,,,,,,,,,,,
33.46,-58.9,,,,,,,,,,,,,,,,
33.48,-57.0,,,,,,,,,,,,,,,,
33.50,-54.9,,,,,,,,,,,,,,,,
33.52,-52.2,,,,,,,,,,,,,,,,
33.54,-60.9,,,,,,,,,,,,,,,,
33.56,-67.4,,,,,,,,,,,,,,,,
33.58,-70.3,,,,,,,,,,,,,,,,
33.60,-73.1,,,,,,,,,,,,,,,,
33.62,-72.1,,,,,,,,,,,,,,,,
33.64,-68.6,,,,,,,,,,,,,,,,
33.66,-63.2,,,,,,,,,,,,,,,,
33.68,-55.3,,,,,,,,,,,,,,,,
33.70,-44.7,,,,,,,,,,,,,,,,
33.72,-31.4,,,,,,,,,,,,,,,,
33.74,-30.1,,,,,,,,,,,,,,,,
33.76,-34.7,,,,,,,,,,,,,,,,
33.78,-34.6,,,,,,,,,,,,,,,,
33.80,-19.9,,,,,,,,,,,,,,,,
33.82,11.6,,,,,,,,,,,,,,,,
33.84,47.8,,,,,,,,,,,,,,,,
33.86,70.0,,,,,,,,,,,,,,,,
33.88,70.8,,,,,,,,,,,,,,,,
33.90,65.4,,,,,,,,,,,,,,,,
33.92,62.9,,,,,,,,,,,,,,,,
33.94,67.8,,,,,,,,,,,,,,,,
33.96,77.5,,,,,,,,,,,,,,,,
33.98,81.0,,,,,,,,,,,,,,,,
34.00,64.1,,,,,,,,,,,,,,,,
34.02,40.1,,,,,,,,,,,,,,,,
34.04,17.1,,,,,,,,,,,,,,,,
34.06,4.2,,,,,,,,,,,,,,,,
34.08,2.3,,,,,,,,,,,,,,,,
34.10,4.5,,,,,,,,,,,,,,,,
34.12,12.6,,,,,,,,,,,,,,,,
34.14,23.2,,,,,,,,,,,,,,,,
34.16,33.5,,,,,,,,,,,,,,,,
34.18,42.0,,,,,,,,,,,,,,,,
34.20,44.1,,,,,,,,,,,,,,,,
34.22,45.6,,,,,,,,,,,,,,,,
34.24,47.9,,,,,,,,,,,,,,,,
34.26,48.5,,,,,,,,,,,,,,,,
34.28,46.1,,,,,,,,,,,,,,,,
34.30,39.9,,,,,,,,,,,,,,,,
34.32,32.5,,,,,,,,,,,,,,,,
34.34,31.4,,,,,,,,,,,,,,,,
34.36,34.6,,,,,,,,,,,,,,,,
34.38,39.2,,,,,,,,,,,,,,,,
34.40,43.0,,,,,,,,,,,,,,,,
34.42,39.9,,,,,,,,,,,,,,,,
34.44,29.6,,,,,,,,,,,,,,,,
34.46,14.4,,,,,,,,,,,,,,,,
34.48,-2.0,,,,,,,,,,,,,,,,
34.50,-16.6,,,,,,,,,,,,,,,,
34.52,-19.5,,,,,,,,,,,,,,,,
34.54,-18.5,,,,,,,,,,,,,,,,
34.56,-16.2,,,,,,,,,,,,,,,,
34.58,-10.5,,,,,,,,,,,,,,,,
34.60,-9.7,,,,,,,,,,,,,,,,
34.62,-9.8,,,,,,,,,,,,,,,,
34.64,-6.7,,,,,,,,,,,,,,,,
34.66,5.1,,,,,,,,,,,,,,,,
34.68,21.2,,,,,,,,,,,,,,,,
34.70,34.0,,,,,,,,,,,,,,,,
34.72,39.4,,,,,,,,,,,,,,,,
34.74,39.9,,,,,,,,,,,,,,,,
34.76,38.2,,,,,,,,,,,,,,,,
34.78,32.3,,,,,,,,,,,,,,,,
34.80,27.6,,,,,,,,,,,,,,,,
34.82,27.9,,,,,,,,,,,,,,,,
34.84,31.5,,,,,,,,,,,,,,,,
34.86,28.6,,,,,,,,,,,,,,,,
34.88,13.2,,,,,,,,,,,,,,,,
34.90,-0.7,,,,,,,,,,,,,,,,
34.92,-1.8,,,,,,,,,,,,,,,,
34.94,-6.4,,,,,,,,,,,,,,,,
34.96,-13.1,,,,,,,,,,,,,,,,
34.98,-22.2,,,,,,,,,,,,,,,,
35.00,-28.8,,,,,,,,,,,,,,,,
35.02,-19.1,,,,,,,,,,,,,,,,
35.04,-1.5,,,,,,,,,,,,,,,,
35.06,20.7,,,,,,,,,,,,,,,,
35.08,36.9,,,,,,,,,,,,,,,,
35.10,52.6,,,,,,,,,,,,,,,,
35.12,62.5,,,,,,,,,,,,,,,,
35.14,60.5,,,,,,,,,,,,,,,,
35.16,44.2,,,,,,,,,,,,,,,,
35.18,20.9,,,,,,,,,,,,,,,,
35.20,0.5,,,,,,,,,,,,,,,,
35.22,-8.2,,,,,,,,,,,,,,,,
35.24,-2.0,,,,,,,,,,,,,,,,
35.26,3.7,,,,,,,,,,,,,,,,
35.28,-9.0,,,,,,,,,,,,,,,,
35.30,-21.2,,,,,,,,,,,,,,,,
35.32,-34.0,,,,,,,,,,,,,,,,
35.34,-38.9,,,,,,,,,,,,,,,,
35.36,-37.7,,,,,,,,,,,,,,,,
35.38,-37.2,,,,,,,,,,,,,,,,
35.40,-34.7,,,,,,,,,,,,,,,,
35.42,-19.0,,,,,,,,,,,,,,,,
35.44,2.0,,,,,,,,,,,,,,,,
35.46,15.6,,,,,,,,,,,,,,,,
35.48,18.8,,,,,,,,,,,,,,,,
35.50,12.4,,,,,,,,,,,,,,,,
35.52,0.4,,,,,,,,,,,,,,,,
35.54,0.7,,,,,,,,,,,,,,,,
35.56,1.6,,,,,,,,,,,,,,,,
35.58,-23.3,,,,,,,,,,,,,,,,
35.60,-74.7,,,,,,,,,,,,,,,,
35.62,-95.8,,,,,,,,,,,,,,,,
35.64,-77.9,,,,,,,,,,,,,,,,
35.66,-48.4,,,,,,,,,,,,,,,,
35.68,-42.1,,,,,,,,,,,,,,,,
35.70,-66.5,,,,,,,,,,,,,,,,
35.72,-85.5,,,,,,,,,,,,,,,,
35.74,-85.3,,,,,,,,,,,,,,,,
35.76,-66.7,,,,,,,,,,,,,,,,
35.78,-48.3,,,,,,,,,,,,,,,,
35.80,-45.7,,,,,,,,,,,,,,,,
35.82,-60.2,,,,,,,,,,,,,,,,
35.84,-65.1,,,,,,,,,,,,,,,,
35.86,-46.4,,,,,,,,,,,,,,,,
35.88,-18.6,,,,,,,,,,,,,,,,
35.90,3.9,,,,,,,,,,,,,,,,
35.92,15.0,,,,,,,,,,,,,,,,
35.94,19.5,,,,,,,,,,,,,,,,
35.96,16.7,,,,,,,,,,,,,,,,
35.98,7.4,,,,,,,,,,,,,,,,
36.00,3.8,,,,,,,,,,,,,,,,
36.02,12.9,,,,,,,,,,,,,,,,
36.04,27.7,,,,,,,,,,,,,,,,
36.06,46.3,,,,,,,,,,,,,,,,
36.08,53.6,,,,,,,,,,,,,,,,
36.10,50.8,,,,,,,,,,,,,,,,
36.12,50.1,,,,,,,,,,,,,,,,
36.14,61.6,,,,,,,,,,,,,,,,
36.16,74.9,,,,,,,,,,,,,,,,
36.18,86.8,,,,,,,,,,,,,,,,
36.20,103.7,,,,,,,,,,,,,,,,
36.22,104.2,,,,,,,,,,,,,,,,
36.24,73.8,,,,,,,,,,,,,,,,
36.26,38.8,,,,,,,,,,,,,,,,
36.28,17.5,,,,,,,,,,,,,,,,
36.30,10.1,,,,,,,,,,,,,,,,
36.32,14.5,,,,,,,,,,,,,,,,
36.34,15.6,,,,,,,,,,,,,,,,
36.36,14.8,,,,,,,,,,,,,,,,
36.38,10.0,,,,,,,,,,,,,,,,
36.40,-0.6,,,,,,,,,,,,,,,,
36.42,-1.7,,,,,,,,,,,,,,,,
36.44,12.0,,,,,,,,,,,,,,,,
36.46,34.7,,,,,,,,,,,,,,,,
36.48,44.4,,,,,,,,,,,,,,,,
36.50,24.9,,,,,,,,,,,,,,,,
36.52,-7.3,,,,,,,,,,,,,,,,
36.54,-36.5,,,,,,,,,,,,,,,,
36.56,-46.8,,,,,,,,,,,,,,,,
36.58,-45.1,,,,,,,,,,,,,,,,
36.60,-30.5,,,,,,,,,,,,,,,,
36.62,2.8,,,,,,,,,,,,,,,,
36.64,3.9,,,,,,,,,,,,,,,,
36.66,-29.7,,,,,,,,,,,,,,,,
36.68,-38.5,,,,,,,,,,,,,,,,
36.70,-43.0,,,,,,,,,,,,,,,,
36.72,-35.7,,,,,,,,,,,,,,,,
36.74,-19.0,,,,,,,,,,,,,,,,
36.76,-15.4,,,,,,,,,,,,,,,,
36.78,-8.3,,,,,,,,,,,,,,,,
36.80,7.4,,,,,,,,,,,,,,,,
36.82,23.3,,,,,,,,,,,,,,,,
36.84,29.1,,,,,,,,,,,,,,,,
36.86,23.3,,,,,,,,,,,,,,,,
36.88,17.5,,,,,,,,,,,,,,,,
36.90,7.0,,,,,,,,,,,,,,,,
36.92,-12.7,,,,,,,,,,,,,,,,
36.94,-28.3,,,,,,,,,,,,,,,,
36.96,-24.1,,,,,,,,,,,,,,,,
36.98,-20.3,,,,,,,,,,,,,,,,
37.00,-20.3,,,,,,,,,,,,,,,,
37.02,-14.4,,,,,,,,,,,,,,,,
37.04,3.0,,,,,,,,,,,,,,,,
37.06,26.6,,,,,,,,,,,,,,,,
37.08,43.1,,,,,,,,,,,,,,,,
37.10,51.8,,,,,,,,,,,,,,,,
37.12,58.4,,,,,,,,,,,,,,,,
37.14,62.7,,,,,,,,,,,,,,,,
37.16,48.0,,,,,,,,,,,,,,,,
37.18,28.4,,,,,,,,,,,,,,,,
37.20,9.8,,,,,,,,,,,,,,,,
37.22,-4.8,,,,,,,,,,,,,,,,
37.24,-20.7,,,,,,,,,,,,,,,,
37.26,-36.3,,,,,,,,,,,,,,,,
37.28,-47.3,,,,,,,,,,,,,,,,
37.30,-56.3,,,,,,,,,,,,,,,,
37.32,-57.4,,,,,,,,,,,,,,,,
37.34,-51.8,,,,,,,,,,,,,,,,
37.36,-46.7,,,,,,,,,,,,,,,,
37.38,-50.5,,,,,,,,,,,,,,,,
37.40,-52.1,,,,,,,,,,,,,,,,
37.42,-44.5,,,,,,,,,,,,,,,,
37.44,-30.9,,,,,,,,,,,,,,,,
37.46,-17.2,,,,,,,,,,,,,,,,
37.48,3.7,,,,,,,,,,,,,,,,
37.50,23.6,,,,,,,,,,,,,,,,
37.52,37.5,,,,,,,,,,,,,,,,
37.54,50.1,,,,,,,,,,,,,,,,
37.56,61.4,,,,,,,,,,,,,,,,
37.58,61.5,,,,,,,,,,,,,,,,
37.60,41.4,,,,,,,,,,,,,,,,
37.62,19.0,,,,,,,,,,,,,,,,
37.64,13.6,,,,,,,,,,,,,,,,
37.66,16.0,,,,,,,,,,,,,,,,
37.68,7.4,,,,,,,,,,,,,,,,
37.70,-13.1,,,,,,,,,,,,,,,,
37.72,-32.2,,,,,,,,,,,,,,,,
37.74,-39.6,,,,,,,,,,,,,,,,
37.76,-33.5,,,,,,,,,,,,,,,,
37.78,-19.3,,,,,,,,,,,,,,,,
37.80,-26.6,,,,,,,,,,,,,,,,
37.82,-32.7,,,,,,,,,,,,,,,,
37.84,-39.3,,,,,,,,,,,,,,,,
37.86,-40.0,,,,,,,,,,,,,,,,
37.88,-35.9,,,,,,,,,,,,,,,,
37.90,-24.9,,,,,,,,,,,,,,,,
37.92,-9.0,,,,,,,,,,,,,,,,
37.94,3.0,,,,,,,,,,,,,,,,
37.96,8.5,,,,,,,,,,,,,,,,
37.98,11.1,,,,,,,,,,,,,,,,
38.00,13.6,,,,,,,,,,,,,,,,
38.02,21.6,,,,,,,,,,,,,,,,
38.04,28.2,,,,,,,,,,,,,,,,
38.06,39.1,,,,,,,,,,,,,,,,
38.08,58.8,,,,,,,,,,,,,,,,
38.10,77.6,,,,,,,,,,,,,,,,
38.12,59.8,,,,,,,,,,,,,,,,
38.14,28.7,,,,,,,,,,,,,,,,
38.16,1.0,,,,,,,,,,,,,,,,
38.18,-5.6,,,,,,,,,,,,,,,,
38.20,-14.1,,,,,,,,,,,,,,,,
38.22,-29.6,,,,,,,,,,,,,,,,
38.24,-48.3,,,,,,,,,,,,,,,,
38.26,-69.6,,,,,,,,,,,,,,,,
38.28,-79.5,,,,,,,,,,,,,,,,
38.30,-86.8,,,,,,,,,,,,,,,,
38.32,-67.5,,,,,,,,,,,,,,,,
38.34,-19.5,,,,,,,,,,,,,,,,
38.36,20.3,,,,,,,,,,,,,,,,
38.38,35.2,,,,,,,,,,,,,,,,
38.40,20.2,,,,,,,,,,,,,,,,
38.42,-6.0,,,,,,,,,,,,,,,,
38.44,-22.7,,,,,,,,,,,,,,,,
38.46,-25.0,,,,,,,,,,,,,,,,
38.48,-16.5,,,,,,,,,,,,,,,,
38.50,3.5,,,,,,,,,,,,,,,,
38.52,14.8,,,,,,,,,,,,,,,,
38.54,8.8,,,,,,,,,,,,,,,,
38.56,-4.2,,,,,,,,,,,,,,,,
38.58,-18.5,,,,,,,,,,,,,,,,
38.60,-25.5,,,,,,,,,,,,,,,,
38.62,-11.1,,,,,,,,,,,,,,,,
38.64,1.2,,,,,,,,,,,,,,,,
38.66,0.5,,,,,,,,,,,,,,,,
38.68,-4.7,,,,,,,,,,,,,,,,
38.70,-6.6,,,,,,,,,,,,,,,,
38.72,8.2,,,,,,,,,,,,,,,,
38.74,33.6,,,,,,,,,,,,,,,,
38.76,52.9,,,,,,,,,,,,,,,,
38.78,63.0,,,,,,,,,,,,,,,,
38.80,52.6,,,,,,,,,,,,,,,,
38.82,22.8,,,,,,,,,,,,,,,,
38.84,-5.8,,,,,,,,,,,,,,,,
38.86,-25.6,,,,,,,,,,,,,,,,
38.88,-25.7,,,,,,,,,,,,,,,,
38.90,-22.6,,,,,,,,,,,,,,,,
38.92,-22.6,,,,,,,,,,,,,,,,
38.94,-30.0,,,,,,,,,,,,,,,,
38.96,-39.5,,,,,,,,,,,,,,,,
38.98,-35.8,,,,,,,,,,,,,,,,
39.00,-22.9,,,,,,,,,,,,,,,,
39.02,-11.0,,,,,,,,,,,,,,,,
39.04,10.8,,,,,,,,,,,,,,,,
39.06,1.6,,,,,,,,,,,,,,,,
39.08,-23.5,,,,,,,,,,,,,,,,
39.10,-13.3,,,,,,,,,,,,,,,,
39.12,-17.8,,,,,,,,,,,,,,,,
39.14,-20.6,,,,,,,,,,,,,,,,
39.16,-19.9,,,,,,,,,,,,,,,,
39.18,-24.4,,,,,,,,,,,,,,,,
39.20,-33.3,,,,,,,,,,,,,,,,
39.22,-39.1,,,,,,,,,,,,,,,,
39.24,-40.9,,,,,,,,,,,,,,,,
39.26,-36.6,,,,,,,,,,,,,,,,
39.28,-23.0,,,,,,,,,,,,,,,,
39.30,-8.7,,,,,,,,,,,,,,,,
39.32,-5.4,,,,,,,,,,,,,,,,
39.34,-18.9,,,,,,,,,,,,,,,,
39.36,-39.6,,,,,,,,,,,,,,,,
39.38,-41.7,,,,,,,,,,,,,,,,
39.40,-25.2,,,,,,,,,,,,,,,,
39.42,4.8,,,,,,,,,,,,,,,,
39.44,25.1,,,,,,,,,,,,,,,,
39.46,27.9,,,,,,,,,,,,,,,,
39.48,17.6,,,,,,,,,,,,,,,,
39.50,-1.3,,,,,,,,,,,,,,,,
39.52,-4.8,,,,,,,,,,,,,,,,
39.54,1.1,,,,,,,,,,,,,,,,
39.56,13.6,,,,,,,,,,,,,,,,
39.58,20.8,,,,,,,,,,,,,,,,
39.60,17.0,,,,,,,,,,,,,,,,
39.62,5.6,,,,,,,,,,,,,,,,
39.64,-4.5,,,,,,,,,,,,,,,,
39.66,-8.7,,,,,,,,,,,,,,,,
39.68,-3.1,,,,,,,,,,,,,,,,
39.70,3.7,,,,,,,,,,,,,,,,
39.72,6.8,,,,,,,,,,,,,,,,
39.74,7.9,,,,,,,,,,,,,,,,
39.76,11.8,,,,,,,,,,,,,,,,
39.78,25.2,,,,,,,,,,,,,,,,
39.80,37.1,,,,,,,,,,,,,,,,
39.82,50.1,,,,,,,,,,,,,,,,
39.84,68.6,,,,,,,,,,,,,,,,
39.86,71.1,,,,,,,,,,,,,,,,
39.88,57.0,,,,,,,,,,,,,,,,
39.90,33.5,,,,,,,,,,,,,,,,
39.92,12.8,,,,,,,,,,,,,,,,
39.94,2.4,,,,,,,,,,,,,,,,
39.96,0.0,,,,,,,,,,,,,,,,
39.98,-1.1,,,,,,,,,,,,,,,,
40.00,-4.8,,,,,,,,,,,,,,,,
40.02,-4.5,,,,,,,,,,,,,,,,
40.04,-4.6,,,,,,,,,,,,,,,,
40.06,-7.3,,,,,,,,,,,,,,,,
40.08,-9.0,,,,,,,,,,,,,,,,
40.10,-7.1,,,,,,,,,,,,,,,,
40.12,-9.3,,,,,,,,,,,,,,,,
40.14,-16.8,,,,,,,,,,,,,,,,
40.16,-20.2,,,,,,,,,,,,,,,,
40.18,-19.4,,,,,,,,,,,,,,,,
40.20,-17.5,,,,,,,,,,,,,,,,
40.22,-16.9,,,,,,,,,,,,,,,,
40.24,-18.7,,,,,,,,,,,,,,,,
40.26,-18.4,,,,,,,,,,,,,,,,
40.28,-9.7,,,,,,,,,,,,,,,,
40.30,5.3,,,,,,,,,,,,,,,,
40.32,15.4,,,,,,,,,,,,,,,,
40.34,-6.1,,,,,,,,,,,,,,,,
40.36,-36.6,,,,,,,,,,,,,,,,
40.38,-34.7,,,,,,,,,,,,,,,,
40.40,-24.2,,,,,,,,,,,,,,,,
40.42,-30.5,,,,,,,,,,,,,,,,
40.44,-41.1,,,,,,,,,,,,,,,,
40.46,-45.0,,,,,,,,,,,,,,,,
40.48,-35.8,,,,,,,,,,,,,,,,
40.50,-15.0,,,,,,,,,,,,,,,,
40.52,0.7,,,,,,,,,,,,,,,,
40.54,6.6,,,,,,,,,,,,,,,,
40.56,9.8,,,,,,,,,,,,,,,,
40.58,22.2,,,,,,,,,,,,,,,,
40.60,50.3,,,,,,,,,,,,,,,,
40.62,77.8,,,,,,,,,,,,,,,,
40.64,94.1,,,,,,,,,,,,,,,,
40.66,95.3,,,,,,,,,,,,,,,,
40.68,83.8,,,,,,,,,,,,,,,,
40.70,63.7,,,,,,,,,,,,,,,,
40.72,39.2,,,,,,,,,,,,,,,,
40.74,21.0,,,,,,,,,,,,,,,,
40.76,6.5,,,,,,,,,,,,,,,,
40.78,-3.9,,,,,,,,,,,,,,,,
40.80,-11.6,,,,,,,,,,,,,,,,
40.82,-15.6,,,,,,,,,,,,,,,,
40.84,-14.0,,,,,,,,,,,,,,,,
40.86,-6.1,,,,,,,,,,,,,,,,
40.88,2.5,,,,,,,,,,,,,,,,
40.90,12.4,,,,,,,,,,,,,,,,
40.92,25.8,,,,,,,,,,,,,,,,
40.94,35.6,,,,,,,,,,,,,,,,
40.96,38.7,,,,,,,,,,,,,,,,
40.98,34.1,,,,,,,,,,,,,,,,
41.00,24.1,,,,,,,,,,,,,,,,
41.02,6.4,,,,,,,,,,,,,,,,
41.04,-18.6,,,,,,,,,,,,,,,,
41.06,-39.6,,,,,,,,,,,,,,,,
41.08,-48.5,,,,,,,,,,,,,,,,
41.10,-47.5,,,,,,,,,,,,,,,,
41.12,-34.1,,,,,,,,,,,,,,,,
41.14,-19.6,,,,,,,,,,,,,,,,
41.16,-9.4,,,,,,,,,,,,,,,,
41.18,-7.6,,,,,,,,,,,,,,,,
41.20,-12.0,,,,,,,,,,,,,,,,
41.22,-11.5,,,,,,,,,,,,,,,,
41.24,6.9,,,,,,,,,,,,,,,,
41.26,28.3,,,,,,,,,,,,,,,,
41.28,28.1,,,,,,,,,,,,,,,,
41.30,10.7,,,,,,,,,,,,,,,,
41.32,-9.8,,,,,,,,,,,,,,,,
41.34,-29.4,,,,,,,,,,,,,,,,
41.36,-41.2,,,,,,,,,,,,,,,,
41.38,-42.5,,,,,,,,,,,,,,,,
41.40,-34.6,,,,,,,,,,,,,,,,
41.42,-25.4,,,,,,,,,,,,,,,,
41.44,-15.6,,,,,,,,,,,,,,,,
41.46,-13.7,,,,,,,,,,,,,,,,
41.48,-15.9,,,,,,,,,,,,,,,,
41.50,-23.9,,,,,,,,,,,,,,,,
41.52,-30.3,,,,,,,,,,,,,,,,
41.54,-21.5,,,,,,,,,,,,,,,,
41.56,-3.9,,,,,,,,,,,,,,,,
41.58,9.7,,,,,,,,,,,,,,,,
41.60,23.1,,,,,,,,,,,,,,,,
41.62,31.8,,,,,,,,,,,,,,,,
41.64,33.3,,,,,,,,,,,,,,,,
41.66,28.6,,,,,,,,,,,,,,,,
41.68,25.1,,,,,,,,,,,,,,,,
41.70,25.0,,,,,,,,,,,,,,,,
41.72,27.7,,,,,,,,,,,,,,,,
41.74,31.6,,,,,,,,,,,,,,,,
41.76,30.7,,,,,,,,,,,,,,,,
41.78,24.3,,,,,,,,,,,,,,,,
41.80,14.9,,,,,,,,,,,,,,,,
41.82,4.4,,,,,,,,,,,,,,,,
41.84,-2.7,,,,,,,,,,,,,,,,
41.86,-10.2,,,,,,,,,,,,,,,,
41.88,-15.0,,,,,,,,,,,,,,,,
41.90,-14.6,,,,,,,,,,,,,,,,
41.92,-13.1,,,,,,,,,,,,,,,,
41.94,-9.1,,,,,,,,,,,,,,,,
41.96,-6.4,,,,,,,,,,,,,,,,
41.98,-9.5,,,,,,,,,,,,,,,,
42.00,-13.6,,,,,,,,,,,,,,,,
42.02,-21.0,,,,,,,,,,,,,,,,
42.04,-28.9,,,,,,,,,,,,,,,,
42.06,-34.5,,,,,,,,,,,,,,,,
42.08,-36.6,,,,,,,,,,,,,,,,
42.10,-30.2,,,,,,,,,,,,,,,,
42.12,-13.8,,,,,,,,,,,,,,,,
42.14,-3.5,,,,,,,,,,,,,,,,
42.16,-11.9,,,,,,,,,,,,,,,,
42.18,-24.1,,,,,,,,,,,,,,,,
42.20,-32.2,,,,,,,,,,,,,,,,
42.22,-27.6,,,,,,,,,,,,,,,,
42.24,-17.4,,,,,,,,,,,,,,,,
42.26,-10.5,,,,,,,,,,,,,,,,
42.28,-9.2,,,,,,,,,,,,,,,,
42.30,-14.0,,,,,,,,,,,,,,,,
42.32,-17.6,,,,,,,,,,,,,,,,
42.34,-14.8,,,,,,,,,,,,,,,,
42.36,-13.0,,,,,,,,,,,,,,,,
42.38,-21.1,,,,,,,,,,,,,,,,
42.40,-24.4,,,,,,,,,,,,,,,,
42.42,-24.9,,,,,,,,,,,,,,,,
42.44,-36.1,,,,,,,,,,,,,,,,
42.46,-42.2,,,,,,,,,,,,,,,,
42.48,-45.8,,,,,,,,,,,,,,,,
42.50,-42.2,,,,,,,,,,,,,,,,
42.52,-22.5,,,,,,,,,,,,,,,,
42.54,1.0,,,,,,,,,,,,,,,,
42.56,17.3,,,,,,,,,,,,,,,,
42.58,30.6,,,,,,,,,,,,,,,,
42.60,35.8,,,,,,,,,,,,,,,,
42.62,35.7,,,,,,,,,,,,,,,,
42.64,36.0,,,,,,,,,,,,,,,,
42.66,40.8,,,,,,,,,,,,,,,,
42.68,53.0,,,,,,,,,,,,,,,,
42.70,73.2,,,,,,,,,,,,,,,,
42.72,82.8,,,,,,,,,,,,,,,,
42.74,65.4,,,,,,,,,,,,,,,,
42.76,38.4,,,,,,,,,,,,,,,,
42.78,19.9,,,,,,,,,,,,,,,,
42.80,8.4,,,,,,,,,,,,,,,,
42.82,5.4,,,,,,,,,,,,,,,,
42.84,13.2,,,,,,,,,,,,,,,,
42.86,24.1,,,,,,,,,,,,,,,,
42.88,31.3,,,,,,,,,,,,,,,,
42.90,29.6,,,,,,,,,,,,,,,,
42.92,18.9,,,,,,,,,,,,,,,,
42.94,3.5,,,,,,,,,,,,,,,,
42.96,-13.6,,,,,,,,,,,,,,,,
42.98,-23.3,,,,,,,,,,,,,,,,
43.00,-24.1,,,,,,,,,,,,,,,,
43.02,-9.2,,,,,,,,,,,,,,,,
43.04,0.7,,,,,,,,,,,,,,,,
43.06,-0.2,,,,,,,,,,,,,,,,
43.08,-12.2,,,,,,,,,,,,,,,,
43.10,-25.1,,,,,,,,,,,,,,,,
43.12,-29.0,,,,,,,,,,,,,,,,
43.14,-22.0,,,,,,,,,,,,,,,,
43.16,-10.3,,,,,,,,,,,,,,,,
43.18,2.2,,,,,,,,,,,,,,,,
43.20,10.1,,,,,,,,,,,,,,,,
43.22,10.4,,,,,,,,,,,,,,,,
43.24,1.6,,,,,,,,,,,,,,,,
43.26,-7.2,,,,,,,,,,,,,,,,
43.28,-10.4,,,,,,,,,,,,,,,,
43.30,-5.7,,,,,,,,,,,,,,,,
43.32,6.5,,,,,,,,,,,,,,,,
43.34,17.7,,,,,,,,,,,,,,,,
43.36,23.8,,,,,,,,,,,,,,,,
43.38,25.2,,,,,,,,,,,,,,,,
43.40,21.6,,,,,,,,,,,,,,,,
43.42,11.9,,,,,,,,,,,,,,,,
43.44,1.0,,,,,,,,,,,,,,,,
43.46,-9.5,,,,,,,,,,,,,,,,
43.48,-17.9,,,,,,,,,,,,,,,,
43.50,-19.0,,,,,,,,,,,,,,,,
43.52,-12.0,,,,,,,,,,,,,,,,
43.54,3.3,,,,,,,,,,,,,,,,
43.56,15.8,,,,,,,,,,,,,,,,
43.58,28.6,,,,,,,,,,,,,,,,
43.60,35.4,,,,,,,,,,,,,,,,
43.62,28.0,,,,,,,,,,,,,,,,
43.64,12.9,,,,,,,,,,,,,,,,
43.66,2.3,,,,,,,,,,,,,,,,
43.68,1.3,,,,,,,,,,,,,,,,
43.70,14.5,,,,,,,,,,,,,,,,
43.72,30.2,,,,,,,,,,,,,,,,
43.74,39.2,,,,,,,,,,,,,,,,
43.76,38.7,,,,,,,,,,,,,,,,
43.78,24.8,,,,,,,,,,,,,,,,
43.80,5.0,,,,,,,,,,,,,,,,
43.82,-11.5,,,,,,,,,,,,,,,,
43.84,-20.9,,,,,,,,,,,,,,,,
43.86,-20.8,,,,,,,,,,,,,,,,
43.88,-11.3,,,,,,,,,,,,,,,,
43.90,-4.4,,,,,,,,,,,,,,,,
43.92,-1.3,,,,,,,,,,,,,,,,
43.94,0.1,,,,,,,,,,,,,,,,
43.96,-2.7,,,,,,,,,,,,,,,,
43.98,-10.5,,,,,,,,,,,,,,,,
44.00,-16.1,,,,,,,,,,,,,,,,
44.02,-16.3,,,,,,,,,,,,,,,,
44.04,-4.1,,,,,,,,,,,,,,,,
44.06,9.2,,,,,,,,,,,,,,,,
44.08,20.7,,,,,,,,,,,,,,,,
44.10,22.2,,,,,,,,,,,,,,,,
44.12,16.8,,,,,,,,,,,,,,,,
44.14,3.8,,,,,,,,,,,,,,,,
44.16,-8.1,,,,,,,,,,,,,,,,
44.18,-17.8,,,,,,,,,,,,,,,,
44.20,-21.0,,,,,,,,,,,,,,,,
44.22,-18.5,,,,,,,,,,,,,,,,
44.24,-14.2,,,,,,,,,,,,,,,,
44.26,-8.5,,,,,,,,,,,,,,,,
44.28,-3.8,,,,,,,,,,,,,,,,
44.30,-1.9,,,,,,,,,,,,,,,,
44.32,-6.1,,,,,,,,,,,,,,,,
44.34,-11.3,,,,,,,,,,,,,,,,
44.36,-16.4,,,,,,,,,,,,,,,,
44.38,-21.6,,,,,,,,,,,,,,,,
44.40,-26.4,,,,,,,,,,,,,,,,
44.42,-26.0,,,,,,,,,,,,,,,,
44.44,-25.9,,,,,,,,,,,,,,,,
44.46,-28.2,,,,,,,,,,,,,,,,
44.48,-22.6,,,,,,,,,,,,,,,,
44.50,-10.9,,,,,,,,,,,,,,,,
44.52,1.0,,,,,,,,,,,,,,,,
44.54,10.9,,,,,,,,,,,,,,,,
44.56,12.9,,,,,,,,,,,,,,,,
44.58,3.1,,,,,,,,,,,,,,,,
44.60,-7.6,,,,,,,,,,,,,,,,
44.62,-12.1,,,,,,,,,,,,,,,,
44.64,-11.1,,,,,,,,,,,,,,,,
44.66,-1.9,,,,,,,,,,,,,,,,
44.68,8.9,,,,,,,,,,,,,,,,
44.70,17.3,,,,,,,,,,,,,,,,
44.72,23.4,,,,,,,,,,,,,,,,
44.74,36.0,,,,,,,,,,,,,,,,
44.76,47.1,,,,,,,,,,,,,,,,
44.78,46.3,,,,,,,,,,,,,,,,
44.80,30.5,,,,,,,,,,,,,,,,
44.82,8.1,,,,,,,,,,,,,,,,
44.84,-10.8,,,,,,,,,,,,,,,,
44.86,-24.0,,,,,,,,,,,,,,,,
44.88,-35.4,,,,,,,,,,,,,,,,
44.90,-35.9,,,,,,,,,,,,,,,,
44.92,-32.3,,,,,,,,,,,,,,,,
44.94,-37.3,,,,,,,,,,,,,,,,
44.96,-34.1,,,,,,,,,,,,,,,,
44.98,-30.4,,,,,,,,,,,,,,,,
45.00,-25.9,,,,,,,,,,,,,,,,
45.02,-21.6,,,,,,,,,,,,,,,,
45.04,-17.4,,,,,,,,,,,,,,,,
45.06,-7.7,,,,,,,,,,,,,,,,
45.08,8.8,,,,,,,,,,,,,,,,
45.10,18.7,,,,,,,,,,,,,,,,
45.12,23.5,,,,,,,,,,,,,,,,
45.14,15.0,,,,,,,,,,,,,,,,
45.16,-0.2,,,,,,,,,,,,,,,,
45.18,-13.8,,,,,,,,,,,,,,,,
45.20,-18.0,,,,,,,,,,,,,,,,
45.22,-15.9,,,,,,,,,,,,,,,,
45.24,-7.9,,,,,,,,,,,,,,,,
45.26,6.4,,,,,,,,,,,,,,,,
45.28,16.2,,,,,,,,,,,,,,,,
45.30,22.8,,,,,,,,,,,,,,,,
45.32,25.0,,,,,,,,,,,,,,,,
45.34,34.0,,,,,,,,,,,,,,,,
45.36,44.0,,,,,,,,,,,,,,,,
45.38,47.2,,,,,,,,,,,,,,,,
45.40,45.4,,,,,,,,,,,,,,,,
45.42,39.4,,,,,,,,,,,,,,,,
45.44,30.9,,,,,,,,,,,,,,,,
45.46,19.2,,,,,,,,,,,,,,,,
45.48,8.6,,,,,,,,,,,,,,,,
45.50,-0.3,,,,,,,,,,,,,,,,
45.52,-5.2,,,,,,,,,,,,,,,,
45.54,-6.9,,,,,,,,,,,,,,,,
45.56,-7.3,,,,,,,,,,,,,,,,
45.58,-7.7,,,,,,,,,,,,,,,,
45.60,-8.1,,,,,,,,,,,,,,,,
45.62,-11.6,,,,,,,,,,,,,,,,
45.64,-18.1,,,,,,,,,,,,,,,,
45.66,-25.4,,,,,,,,,,,,,,,,
45.68,-22.1,,,,,,,,,,,,,,,,
45.70,-4.4,,,,,,,,,,,,,,,,
45.72,22.5,,,,,,,,,,,,,,,,
45.74,36.0,,,,,,,,,,,,,,,,
45.76,43.2,,,,,,,,,,,,,,,,
45.78,45.3,,,,,,,,,,,,,,,,
45.80,47.3,,,,,,,,,,,,,,,,
45.82,43.6,,,,,,,,,,,,,,,,
45.84,32.4,,,,,,,,,,,,,,,,
45.86,22.3,,,,,,,,,,,,,,,,
45.88,10.5,,,,,,,,,,,,,,,,
45.90,-4.1,,,,,,,,,,,,,,,,
45.92,-17.7,,,,,,,,,,,,,,,,
45.94,-28.5,,,,,,,,,,,,,,,,
45.96,-32.1,,,,,,,,,,,,,,,,
45.98,-32.3,,,,,,,,,,,,,,,,
46.00,-19.9,,,,,,,,,,,,,,,,
46.02,0.5,,,,,,,,,,,,,,,,
46.04,15.4,,,,,,,,,,,,,,,,
46.06,18.7,,,,,,,,,,,,,,,,
46.08,8.1,,,,,,,,,,,,,,,,
46.10,-10.8,,,,,,,,,,,,,,,,
46.12,-27.8,,,,,,,,,,,,,,,,
46.14,-32.0,,,,,,,,,,,,,,,,
46.16,-29.1,,,,,,,,,,,,,,,,
46.18,-21.4,,,,,,,,,,,,,,,,
46.20,-14.5,,,,,,,,,,,,,,,,
46.22,-9.5,,,,,,,,,,,,,,,,
46.24,-8.1,,,,,,,,,,,,,,,,
46.26,-15.9,,,,,,,,,,,,,,,,
46.28,-19.8,,,,,,,,,,,,,,,,
46.30,-18.0,,,,,,,,,,,,,,,,
46.32,-19.0,,,,,,,,,,,,,,,,
46.34,-19.2,,,,,,,,,,,,,,,,
46.36,-17.7,,,,,,,,,,,,,,,,
46.38,-14.1,,,,,,,,,,,,,,,,
46.40,-13.7,,,,,,,,,,,,,,,,
46.42,-6.1,,,,,,,,,,,,,,,,
46.44,11.8,,,,,,,,,,,,,,,,
46.46,27.2,,,,,,,,,,,,,,,,
46.48,40.5,,,,,,,,,,,,,,,,
46.50,49.4,,,,,,,,,,,,,,,,
46.52,55.3,,,,,,,,,,,,,,,,
46.54,57.1,,,,,,,,,,,,,,,,
46.56,58.1,,,,,,,,,,,,,,,,
46.58,52.5,,,,,,,,,,,,,,,,
46.60,31.5,,,,,,,,,,,,,,,,
46.62,9.5,,,,,,,,,,,,,,,,
46.64,-10.3,,,,,,,,,,,,,,,,
46.66,-29.3,,,,,,,,,,,,,,,,
46.68,-43.6,,,,,,,,,,,,,,,,
46.70,-54.8,,,,,,,,,,,,,,,,
46.72,-58.1,,,,,,,,,,,,,,,,
46.74,-49.8,,,,,,,,,,,,,,,,
46.76,-29.3,,,,,,,,,,,,,,,,
46.78,-11.5,,,,,,,,,,,,,,,,
46.80,4.6,,,,,,,,,,,,,,,,
46.82,15.3,,,,,,,,,,,,,,,,
46.84,24.6,,,,,,,,,,,,,,,,
46.86,29.0,,,,,,,,,,,,,,,,
46.88,35.4,,,,,,,,,,,,,,,,
46.90,41.9,,,,,,,,,,,,,,,,
46.92,36.8,,,,,,,,,,,,,,,,
46.94,16.3,,,,,,,,,,,,,,,,
46.96,-2.0,,,,,,,,,,,,,,,,
46.98,-11.9,,,,,,,,,,,,,,,,
47.00,-18.5,,,,,,,,,,,,,,,,
47.02,-17.8,,,,,,,,,,,,,,,,
47.04,-8.1,,,,,,,,,,,,,,,,
47.06,4.0,,,,,,,,,,,,,,,,
47.08,11.3,,,,,,,,,,,,,,,,
47.10,10.2,,,,,,,,,,,,,,,,
47.12,0.5,,,,,,,,,,,,,,,,
47.14,-10.3,,,,,,,,,,,,,,,,
47.16,-14.5,,,,,,,,,,,,,,,,
47.18,-11.5,,,,,,,,,,,,,,,,
47.20,-1.5,,,,,,,,,,,,,,,,
47.22,10.7,,,,,,,,,,,,,,,,
47.24,17.9,,,,,,,,,,,,,,,,
47.26,17.1,,,,,,,,,,,,,,,,
47.28,2.3,,,,,,,,,,,,,,,,
47.30,-11.4,,,,,,,,,,,,,,,,
47.32,-20.4,,,,,,,,,,,,,,,,
47.34,-17.5,,,,,,,,,,,,,,,,
47.36,-1.7,,,,,,,,,,,,,,,,
47.38,15.9,,,,,,,,,,,,,,,,
47.40,25.9,,,,,,,,,,,,,,,,
47.42,25.5,,,,,,,,,,,,,,,,
47.44,10.4,,,,,,,,,,,,,,,,
47.46,-7.8,,,,,,,,,,,,,,,,
47.48,-17.5,,,,,,,,,,,,,,,,
47.50,-20.2,,,,,,,,,,,,,,,,
47.52,-15.9,,,,,,,,,,,,,,,,
47.54,-16.1,,,,,,,,,,,,,,,,
47.56,-16.2,,,,,,,,,,,,,,,,
47.58,-24.6,,,,,,,,,,,,,,,,
47.60,-29.6,,,,,,,,,,,,,,,,
47.62,-26.7,,,,,,,,,,,,,,,,
47.64,-21.5,,,,,,,,,,,,,,,,
47.66,-16.4,,,,,,,,,,,,,,,,
47.68,-13.0,,,,,,,,,,,,,,,,
47.70,-11.8,,,,,,,,,,,,,,,,
47.72,-11.0,,,,,,,,,,,,,,,,
47.74,-11.7,,,,,,,,,,,,,,,,
47.76,-19.4,,,,,,,,,,,,,,,,
47.78,-19.8,,,,,,,,,,,,,,,,
47.80,-16.5,,,,,,,,,,,,,,,,
47.82,-9.9,,,,,,,,,,,,,,,,
47.84,-5.8,,,,,,,,,,,,,,,,
47.86,-4.6,,,,,,,,,,,,,,,,
47.88,-6.7,,,,,,,,,,,,,,,,
47.90,-13.4,,,,,,,,,,,,,,,,
47.92,-16.3,,,,,,,,,,,,,,,,
47.94,-15.3,,,,,,,,,,,,,,,,
47.96,-12.8,,,,,,,,,,,,,,,,
47.98,-13.6,,,,,,,,,,,,,,,,
48.00,-16.5,,,,,,,,,,,,,,,,
48.02,-20.3,,,,,,,,,,,,,,,,
48.04,-21.4,,,,,,,,,,,,,,,,
48.06,-23.2,,,,,,,,,,,,,,,,
48.08,-28.5,,,,,,,,,,,,,,,,
48.10,-25.7,,,,,,,,,,,,,,,,
48.12,-19.8,,,,,,,,,,,,,,,,
48.14,-13.8,,,,,,,,,,,,,,,,
48.16,-8.0,,,,,,,,,,,,,,,,
48.18,4.8,,,,,,,,,,,,,,,,
48.20,18.3,,,,,,,,,,,,,,,,
48.22,28.7,,,,,,,,,,,,,,,,
48.24,33.7,,,,,,,,,,,,,,,,
48.26,27.6,,,,,,,,,,,,,,,,
48.28,9.4,,,,,,,,,,,,,,,,
48.30,-7.7,,,,,,,,,,,,,,,,
48.32,-16.9,,,,,,,,,,,,,,,,
48.34,-20.2,,,,,,,,,,,,,,,,
48.36,-23.3,,,,,,,,,,,,,,,,
48.38,-23.3,,,,,,,,,,,,,,,,
48.40,-11.4,,,,,,,,,,,,,,,,
48.42,4.5,,,,,,,,,,,,,,,,
48.44,25.2,,,,,,,,,,,,,,,,
48.46,38.9,,,,,,,,,,,,,,,,
48.48,47.3,,,,,,,,,,,,,,,,
48.50,52.2,,,,,,,,,,,,,,,,
48.52,50.9,,,,,,,,,,,,,,,,
48.54,46.0,,,,,,,,,,,,,,,,
48.56,42.9,,,,,,,,,,,,,,,,
48.58,42.9,,,,,,,,,,,,,,,,
48.60,46.3,,,,,,,,,,,,,,,,
48.62,46.0,,,,,,,,,,,,,,,,
48.64,36.5,,,,,,,,,,,,,,,,
48.66,25.4,,,,,,,,,,,,,,,,
48.68,15.6,,,,,,,,,,,,,,,,
48.70,13.2,,,,,,,,,,,,,,,,
48.72,10.8,,,,,,,,,,,,,,,,
48.74,4.9,,,,,,,,,,,,,,,,
48.76,2.6,,,,,,,,,,,,,,,,
48.78,2.4,,,,,,,,,,,,,,,,
48.80,1.8,,,,,,,,,,,,,,,,
48.82,-1.2,,,,,,,,,,,,,,,,
48.84,4.9,,,,,,,,,,,,,,,,
48.86,16.0,,,,,,,,,,,,,,,,
48.88,16.9,,,,,,,,,,,,,,,,
48.90,6.2,,,,,,,,,,,,,,,,
48.92,-5.6,,,,,,,,,,,,,,,,
48.94,-5.9,,,,,,,,,,,,,,,,
48.96,7.6,,,,,,,,,,,,,,,,
48.98,24.7,,,,,,,,,,,,,,,,
49.00,32.2,,,,,,,,,,,,,,,,
49.02,27.9,,,,,,,,,,,,,,,,
49.04,16.0,,,,,,,,,,,,,,,,
49.06,2.6,,,,,,,,,,,,,,,,
49.08,-6.3,,,,,,,,,,,,,,,,
49.10,-8.0,,,,,,,,,,,,,,,,
49.12,-8.5,,,,,,,,,,,,,,,,
49.14,-12.5,,,,,,,,,,,,,,,,
49.16,-20.1,,,,,,,,,,,,,,,,
49.18,-24.3,,,,,,,,,,,,,,,,
49.20,-23.4,,,,,,,,,,,,,,,,
49.22,-14.9,,,,,,,,,,,,,,,,
49.24,4.9,,,,,,,,,,,,,,,,
49.26,15.6,,,,,,,,,,,,,,,,
49.28,14.7,,,,,,,,,,,,,,,,
49.30,1.4,,,,,,,,,,,,,,,,
49.32,-11.2,,,,,,,,,,,,,,,,
49.34,-18.4,,,,,,,,,,,,,,,,
49.36,-18.7,,,,,,,,,,,,,,,,
49.38,-13.7,,,,,,,,,,,,,,,,
49.40,-9.4,,,,,,,,,,,,,,,,
49.42,-5.2,,,,,,,,,,,,,,,,
49.44,-2.3,,,,,,,,,,,,,,,,
49.46,-3.4,,,,,,,,,,,,,,,,
49.48,-9.4,,,,,,,,,,,,,,,,
49.50,-11.6,,,,,,,,,,,,,,,,
49.52,-10.4,,,,,,,,,,,,,,,,
49.54,-7.5,,,,,,,,,,,,,,,,
49.56,-14.1,,,,,,,,,,,,,,,,
49.58,-27.4,,,,,,,,,,,,,,,,
49.60,-29.7,,,,,,,,,,,,,,,,
49.62,-27.1,,,,,,,,,,,,,,,,
49.64,-21.9,,,,,,,,,,,,,,,,
49.66,-15.9,,,,,,,,,,,,,,,,
49.68,-11.0,,,,,,,,,,,,,,,,
49.70,-10.5,,,,,,,,,,,,,,,,
49.72,-11.6,,,,,,,,,,,,,,,,
49.74,-13.0,,,,,,,,,,,,,,,,
49.76,-13.7,,,,,,,,,,,,,,,,
49.78,-9.7,,,,,,,,,,,,,,,,
49.80,-9.3,,,,,,,,,,,,,,,,
49.82,-12.2,,,,,,,,,,,,,,,,
49.84,-12.8,,,,,,,,,,,,,,,,
49.86,-12.4,,,,,,,,,,,,,,,,
49.88,-11.2,,,,,,,,,,,,,,,,
49.90,-10.4,,,,,,,,,,,,,,,,
49.92,-7.1,,,,,,,,,,,,,,,,
49.94,-3.1,,,,,,,,,,,,,,,,
49.96,-0.3,,,,,,,,,,,,,,,,
49.98,-1.5,,,,,,,,,,,,,,,,
50.00,-4.7,,,,,,,,,,,,,,,,
50.02,-5.2,,,,,,,,,,,,,,,,
50.04,2.0,,,,,,,,,,,,,,,,
50.06,11.0,,,,,,,,,,,,,,,,
50.08,21.6,,,,,,,,,,,,,,,,
50.10,25.8,,,,,,,,,,,,,,,,
50.12,22.5,,,,,,,,,,,,,,,,
50.14,15.6,,,,,,,,,,,,,,,,
50.16,10.9,,,,,,,,,,,,,,,,
50.18,9.5,,,,,,,,,,,,,,,,
50.20,10.1,,,,,,,,,,,,,,,,
50.22,10.3,,,,,,,,,,,,,,,,
50.24,8.1,,,,,,,,,,,,,,,,
50.26,6.2,,,,,,,,,,,,,,,,
50.28,0.1,,,,,,,,,,,,,,,,
50.30,-9.3,,,,,,,,,,,,,,,,
50.32,-18.2,,,,,,,,,,,,,,,,
50.34,-26.8,,,,,,,,,,,,,,,,
50.36,-25.6,,,,,,,,,,,,,,,,
50.38,-21.0,,,,,,,,,,,,,,,,
50.40,-22.5,,,,,,,,,,,,,,,,
50.42,-18.3,,,,,,,,,,,,,,,,
50.44,-9.3,,,,,,,,,,,,,,,,
50.46,-3.4,,,,,,,,,,,,,,,,
50.48,1.1,,,,,,,,,,,,,,,,
50.50,1.7,,,,,,,,,,,,,,,,
50.52,1.1,,,,,,,,,,,,,,,,
50.54,1.8,,,,,,,,,,,,,,,,
50.56,5.2,,,,,,,,,,,,,,,,
50.58,4.0,,,,,,,,,,,,,,,,
50.60,-4.4,,,,,,,,,,,,,,,,
50.62,-12.1,,,,,,,,,,,,,,,,
50.64,-17.2,,,,,,,,,,,,,,,,
50.66,-16.1,,,,,,,,,,,,,,,,
50.68,-8.1,,,,,,,,,,,,,,,,
50.70,3.2,,,,,,,,,,,,,,,,
50.72,8.9,,,,,,,,,,,,,,,,
50.74,13.6,,,,,,,,,,,,,,,,
50.76,16.6,,,,,,,,,,,,,,,,
50.78,20.2,,,,,,,,,,,,,,,,
50.80,25.6,,,,,,,,,,,,,,,,
50.82,30.2,,,,,,,,,,,,,,,,
50.84,31.0,,,,,,,,,,,,,,,,
50.86,23.4,,,,,,,,,,,,,,,,
50.88,5.2,,,,,,,,,,,,,,,,
50.90,-7.5,,,,,,,,,,,,,,,,
50.92,-12.4,,,,,,,,,,,,,,,,
50.94,-12.0,,,,,,,,,,,,,,,,
50.96,-8.1,,,,,,,,,,,,,,,,
50.98,-0.6,,,,,,,,,,,,,,,,
51.00,0.0,,,,,,,,,,,,,,,,
51.02,0.0,,,,,,,,,,,,,,,,
51.04,0.0,,,,,,,,,,,,,,,,
51.06,0.0,,,,,,,,,,,,,,,,
51.08,0.0,,,,,,,,,,,,,,,,
51.10,0.0,,,,,,,,,,,,,,,,
51.12,0.0,,,,,,,,,,,,,,,,
51.14,0.0,,,,,,,,,,,,,,,,
51.16,0.0,,,,,,,,,,,,,,,,
51.18,0.0,,,,,,,,,,,,,,,,
51.20,0.0,,,,,,,,,,,,,,,,
51.22,0.0,,,,,,,,,,,,,,,,
51.24,0.0,,,,,,,,,,,,,,,,
51.26,0.0,,,,,,,,,,,,,,,,
51.28,0.0,,,,,,,,,,,,,,,,
51.30,0.0,,,,,,,,,,,,,,,,
51.32,0.0,,,,,,,,,,,,,,,,
51.34,0.0,,,,,,,,,,,,,,,,
51.36,0.0,,,,,,,,,,,,,,,,
51.38,0.0,,,,,,,,,,,,,,,,
51.40,0.0,,,,,,,,,,,,,,,,
51.42,0.0,,,,,,,,,,,,,,,,
51.44,0.0,,,,,,,,,,,,,,,,
51.46,0.0,,,,,,,,,,,,,,,,
51.48,0.0,,,,,,,,,,,,,,,,
51.50,0.0,,,,,,,,,,,,,,,,
51.52,0.0,,,,,,,,,,,,,,,,
51.54,0.0,,,,,,,,,,,,,,,,
51.56,0.0,,,,,,,,,,,,,,,,
51.58,0.0,,,,,,,,,,,,,,,,
51.60,0.0,,,,,,,,,,,,,,,,
51.62,0.0,,,,,,,,,,,,,,,,
51.64,0.0,,,,,,,,,,,,,,,,
51.66,0.0,,,,,,,,,,,,,,,,
51.68,0.0,,,,,,,,,,,,,,,,
51.70,0.0,,,,,,,,,,,,,,,,
51.72,0.0,,,,,,,,,,,,,,,,
51.74,0.0,,,,,,,,,,,,,,,,
51.76,0.0,,,,,,,,,,,,,,,,
51.78,0.0,,,,,,,,,,,,,,,,
51.80,0.0,,,,,,,,,,,,,,,,
51.82,0.0,,,,,,,,,,,,,,,,
51.84,0.0,,,,,,,,,,,,,,,,
51.86,0.0,,,,,,,,,,,,,,,,
51.88,0.0,,,,,,,,,,,,,,,,
51.90,0.0,,,,,,,,,,,,,,,,
51.92,0.0,,,,,,,,,,,,,,,,
51.94,0.0,,,,,,,,,,,,,,,,
51.96,0.0,,,,,,,,,,,,,,,,
51.98,0.0,,,,,,,,,,,,,,,,
52.00,0.0,,,,,,,,,,,,,,,,
52.02,0.0,,,,,,,,,,,,,,,,
52.04,0.0,,,,,,,,,,,,,,,,
52.06,0.0,,,,,,,,,,,,,,,,
52.08,0.0,,,,,,,,,,,,,,,,
52.10,0.0,,,,,,,,,,,,,,,,
52.12,0.0,,,,,,,,,,,,,,,,
52.14,0.0,,,,,,,,,,,,,,,,
52.16,0.0,,,,,,,,,,,,,,,,
52.18,0.0,,,,,,,,,,,,,,,,
52.20,0.0,,,,,,,,,,,,,,,,
52.22,0.0,,,,,,,,,,,,,,,,
52.24,0.0,,,,,,,,,,,,,,,,
52.26,0.0,,,,,,,,,,,,,,,,
52.28,0.0,,,,,,,,,,,,,,,,
52.30,0.0,,,,,,,,,,,,,,,,
52.32,0.0,,,,,,,,,,,,,,,,
52.34,0.0,,,,,,,,,,,,,,,,
52.36,0.0,,,,,,,,,,,,,,,,
52.38,0.0,,,,,,,,,,,,,,,,
52.40,0.0,,,,,,,,,,,,,,,,
52.42,0.0,,,,,,,,,,,,,,,,
52.44,0.0,,,,,,,,,,,,,,,,
52.46,0.0,,,,,,,,,,,,,,,,
52.48,0.0,,,,,,,,,,,,,,,,
52.50,0.0,,,,,,,,,,,,,,,,
52.52,0.0,,,,,,,,,,,,,,,,
52.54,0.0,,,,,,,,,,,,,,,,
52.56,0.0,,,,,,,,,,,,,,,,
52.58,0.0,,,,,,,,,,,,,,,,
52.60,0.0,,,,,,,,,,,,,,,,
52.62,0.0,,,,,,,,,,,,,,,,
52.64,0.0,,,,,,,,,,,,,,,,
52.66,0.0,,,,,,,,,,,,,,,,
52.68,0.0,,,,,,,,,,,,,,,,
52.70,0.0,,,,,,,,,,,,,,,,
52.72,0.0,,,,,,,,,,,,,,,,
52.74,0.0,,,,,,,,,,,,,,,,
52.76,0.0,,,,,,,,,,,,,,,,
52.78,0.0,,,,,,,,,,,,,,,,
52.80,0.0,,,,,,,,,,,,,,,,
52.82,0.0,,,,,,,,,,,,,,,,
52.84,0.0,,,,,,,,,,,,,,,,
52.86,0.0,,,,,,,,,,,,,,,,
52.88,0.0,,,,,,,,,,,,,,,,
52.90,0.0,,,,,,,,,,,,,,,,
52.92,0.0,,,,,,,,,,,,,,,,
52.94,0.0,,,,,,,,,,,,,,,,
52.96,0.0,,,,,,,,,,,,,,,,
52.98,0.0,,,,,,,,,,,,,,,,
53.00,0.0,,,,,,,,,,,,,,,,
53.02,0.0,,,,,,,,,,,,,,,,
53.04,0.0,,,,,,,,,,,,,,,,
53.06,0.0,,,,,,,,,,,,,,,,
53.08,0.0,,,,,,,,,,,,,,,,
53.10,0.0,,,,,,,,,,,,,,,,
53.12,0.0,,,,,,,,,,,,,,,,
53.14,0.0,,,,,,,,,,,,,,,,
53.16,0.0,,,,,,,,,,,,,,,,
53.18,0.0,,,,,,,,,,,,,,,,
53.20,0.0,,,,,,,,,,,,,,,,
53.22,0.0,,,,,,,,,,,,,,,,
53.24,0.0,,,,,,,,,,,,,,,,
53.26,0.0,,,,,,,,,,,,,,,,
53.28,0.0,,,,,,,,,,,,,,,,
53.30,0.0,,,,,,,,,,,,,,,,
53.32,0.0,,,,,,,,,,,,,,,,
53.34,0.0,,,,,,,,,,,,,,,,
53.36,0.0,,,,,,,,,,,,,,,,
53.38,0.0,,,,,,,,,,,,,,,,
53.40,0.0,,,,,,,,,,,,,,,,
53.42,0.0,,,,,,,,,,,,,,,,
53.44,0.0,,,,,,,,,,,,,,,,
53.46,0.0,,,,,,,,,,,,,,,,
53.48,0.0,,,,,,,,,,,,,,,,
53.50,0.0,,,,,,,,,,,,,,,,
53.52,0.0,,,,,,,,,,,,,,,,
53.54,0.0,,,,,,,,,,,,,,,,
53.56,0.0,,,,,,,,,,,,,,,,
53.58,0.0,,,,,,,,,,,,,,,,
53.60,0.0,,,,,,,,,,,,,,,,
53.62,0.0,,,,,,,,,,,,,,,,
53.64,0.0,,,,,,,,,,,,,,,,
53.66,0.0,,,,,,,,,,,,,,,,
53.68,0.0,,,,,,,,,,,,,,,,
53.70,0.0,,,,,,,,,,,,,,,,
53.72,0.0,,,,,,,,,,,,,,,,
53.74,0.0,,,,,,,,,,,,,,,,
53.76,0.0,,,,,,,,,,,,,,,,
53.78,0.0,,,,,,,,,,,,,,,,
53.80,0.0,,,,,,,,,,,,,,,,
53.82,0.0,,,,,,,,,,,,,,,,
53.84,0.0,,,,,,,,,,,,,,,,
53.86,0.0,,,,,,,,,,,,,,,,
53.88,0.0,,,,,,,,,,,,,,,,
53.90,0.0,,,,,,,,,,,,,,,,
53.92,0.0,,,,,,,,,,,,,,,,
53.94,0.0,,,,,,,,,,,,,,,,
53.96,0.0,,,,,,,,,,,,,,,,
53.98,0.0,,,,,,,,,,,,,,,,
54.00,0.0,,,,,,,,,,,,,,,,
54.02,0.0,,,,,,,,,,,,,,,,
54.04,0.0,,,,,,,,,,,,,,,,
54.06,0.0,,,,,,,,,,,,,,,,
54.08,0.0,,,,,,,,,,,,,,,,
54.10,0.0,,,,,,,,,,,,,,,,
54.12,0.0,,,,,,,,,,,,,,,,
54.14,0.0,,,,,,,,,,,,,,,,
54.16,0.0,,,,,,,,,,,,,,,,
54.18,0.0,,,,,,,,,,,,,,,,
54.20,0.0,,,,,,,,,,,,,,,,
54.22,0.0,,,,,,,,,,,,,,,,
54.24,0.0,,,,,,,,,,,,,,,,
54.26,0.0,,,,,,,,,,,,,,,,
54.28,0.0,,,,,,,,,,,,,,,,
54.30,0.0,,,,,,,,,,,,,,,,
54.32,0.0,,,,,,,,,,,,,,,,
54.34,0.0,,,,,,,,,,,,,,,,
54.36,0.0,,,,,,,,,,,,,,,,
54.38,0.0,,,,,,,,,,,,,,,,
54.40,0.0,,,,,,,,,,,,,,,,
54.42,0.0,,,,,,,,,,,,,,,,
54.44,0.0,,,,,,,,,,,,,,,,
54.46,0.0,,,,,,,,,,,,,,,,
54.48,0.0,,,,,,,,,,,,,,,,
54.50,0.0,,,,,,,,,,,,,,,,
54.52,0.0,,,,,,,,,,,,,,,,
54.54,0.0,,,,,,,,,,,,,,,,
54.56,0.0,,,,,,,,,,,,,,,,
54.58,0.0,,,,,,,,,,,,,,,,
54.60,0.0,,,,,,,,,,,,,,,,
54.62,0.0,,,,,,,,,,,,,,,,
54.64,0.0,,,,,,,,,,,,,,,,
54.66,0.0,,,,,,,,,,,,,,,,
54.68,0.0,,,,,,,,,,,,,,,,
54.70,0.0,,,,,,,,,,,,,,,,
54.72,0.0,,,,,,,,,,,,,,,,
54.74,0.0,,,,,,,,,,,,,,,,
54.76,0.0,,,,,,,,,,,,,,,,
54.78,0.0,,,,,,,,,,,,,,,,
54.80,0.0,,,,,,,,,,,,,,,,
54.82,0.0,,,,,,,,,,,,,,,,
54.84,0.0,,,,,,,,,,,,,,,,
54.86,0.0,,,,,,,,,,,,,,,,
54.88,0.0,,,,,,,,,,,,,,,,
54.90,0.0,,,,,,,,,,,,,,,,
54.92,0.0,,,,,,,,,,,,,,,,
54.94,0.0,,,,,,,,,,,,,,,,
54.96,0.0,,,,,,,,,,,,,,,,
54.98,0.0,,,,,,,,,,,,,,,,
55.00,0.0,,,,,,,,,,,,,,,,
55.02,0.0,,,,,,,,,,,,,,,,
55.04,0.0,,,,,,,,,,,,,,,,
55.06,0.0,,,,,,,,,,,,,,,,
55.08,0.0,,,,,,,,,,,,,,,,
55.10,0.0,,,,,,,,,,,,,,,,
55.12,0.0,,,,,,,,,,,,,,,,
55.14,0.0,,,,,,,,,,,,,,,,
55.16,0.0,,,,,,,,,,,,,,,,
55.18,0.0,,,,,,,,,,,,,,,,
55.20,0.0,,,,,,,,,,,,,,,,
55.22,0.0,,,,,,,,,,,,,,,,
55.24,0.0,,,,,,,,,,,,,,,,
55.26,0.0,,,,,,,,,,,,,,,,
55.28,0.0,,,,,,,,,,,,,,,,
55.30,0.0,,,,,,,,,,,,,,,,
55.32,0.0,,,,,,,,,,,,,,,,
55.34,0.0,,,,,,,,,,,,,,,,
55.36,0.0,,,,,,,,,,,,,,,,
55.38,0.0,,,,,,,,,,,,,,,,
55.40,0.0,,,,,,,,,,,,,,,,
55.42,0.0,,,,,,,,,,,,,,,,
55.44,0.0,,,,,,,,,,,,,,,,
55.46,0.0,,,,,,,,,,,,,,,,
55.48,0.0,,,,,,,,,,,,,,,,
55.50,0.0,,,,,,,,,,,,,,,,
55.52,0.0,,,,,,,,,,,,,,,,
55.54,0.0,,,,,,,,,,,,,,,,
55.56,0.0,,,,,,,,,,,,,,,,
55.58,0.0,,,,,,,,,,,,,,,,
55.60,0.0,,,,,,,,,,,,,,,,
55.62,0.0,,,,,,,,,,,,,,,,
55.64,0.0,,,,,,,,,,,,,,,,
55.66,0.0,,,,,,,,,,,,,,,,
55.68,0.0,,,,,,,,,,,,,,,,
55.70,0.0,,,,,,,,,,,,,,,,
55.72,0.0,,,,,,,,,,,,,,,,
55.74,0.0,,,,,,,,,,,,,,,,
55.76,0.0,,,,,,,,,,,,,,,,
55.78,0.0,,,,,,,,,,,,,,,,
55.80,0.0,,,,,,,,,,,,,,,,
55.82,0.0,,,,,,,,,,,,,,,,
55.84,0.0,,,,,,,,,,,,,,,,
55.86,0.0,,,,,,,,,,,,,,,,
55.88,0.0,,,,,,,,,,,,,,,,
55.90,0.0,,,,,,,,,,,,,,,,
55.92,0.0,,,,,,,,,,,,,,,,
55.94,0.0,,,,,,,,,,,,,,,,
55.96,0.0,,,,,,,,,,,,,,,,
55.98,0.0,,,,,,,,,,,,,,,,
56.00,0.0,,,,,,,,,,,,,,,,
56.02,0.0,,,,,,,,,,,,,,,,
56.04,0.0,,,,,,,,,,,,,,,,
56.06,0.0,,,,,,,,,,,,,,,,
56.08,0.0,,,,,,,,,,,,,,,,
56.10,0.0,,,,,,,,,,,,,,,,
56.12,0.0,,,,,,,,,,,,,,,,
56.14,0.0,,,,,,,,,,,,,,,,
56.16,0.0,,,,,,,,,,,,,,,,
56.18,0.0,,,,,,,,,,,,,,,,
56.20,0.0,,,,,,,,,,,,,,,,
56.22,0.0,,,,,,,,,,,,,,,,
56.24,0.0,,,,,,,,,,,,,,,,
56.26,0.0,,,,,,,,,,,,,,,,
56.28,0.0,,,,,,,,,,,,,,,,
56.30,0.0,,,,,,,,,,,,,,,,
56.32,0.0,,,,,,,,,,,,,,,,
56.34,0.0,,,,,,,,,,,,,,,,
56.36,0.0,,,,,,,,,,,,,,,,
56.38,0.0,,,,,,,,,,,,,,,,
56.40,0.0,,,,,,,,,,,,,,,,
56.42,0.0,,,,,,,,,,,,,,,,
56.44,0.0,,,,,,,,,,,,,,,,
56.46,0.0,,,,,,,,,,,,,,,,
56.48,0.0,,,,,,,,,,,,,,,,
56.50,0.0,,,,,,,,,,,,,,,,
56.52,0.0,,,,,,,,,,,,,,,,
56.54,0.0,,,,,,,,,,,,,,,,
56.56,0.0,,,,,,,,,,,,,,,,
56.58,0.0,,,,,,,,,,,,,,,,
56.60,0.0,,,,,,,,,,,,,,,,
56.62,0.0,,,,,,,,,,,,,,,,
56.64,0.0,,,,,,,,,,,,,,,,
56.66,0.0,,,,,,,,,,,,,,,,
56.68,0.0,,,,,,,,,,,,,,,,
56.70,0.0,,,,,,,,,,,,,,,,
56.72,0.0,,,,,,,,,,,,,,,,
56.74,0.0,,,,,,,,,,,,,,,,
56.76,0.0,,,,,,,,,,,,,,,,
56.78,0.0,,,,,,,,,,,,,,,,
56.80,0.0,,,,,,,,,,,,,,,,
56.82,0.0,,,,,,,,,,,,,,,,
56.84,0.0,,,,,,,,,,,,,,,,
56.86,0.0,,,,,,,,,,,,,,,,
56.88,0.0,,,,,,,,,,,,,,,,
56.90,0.0,,,,,,,,,,,,,,,,
56.92,0.0,,,,,,,,,,,,,,,,
56.94,0.0,,,,,,,,,,,,,,,,
56.96,0.0,,,,,,,,,,,,,,,,
56.98,0.0,,,,,,,,,,,,,,,,
57.00,0.0,,,,,,,,,,,,,,,,
57.02,0.0,,,,,,,,,,,,,,,,
57.04,0.0,,,,,,,,,,,,,,,,
57.06,0.0,,,,,,,,,,,,,,,,
57.08,0.0,,,,,,,,,,,,,,,,
57.10,0.0,,,,,,,,,,,,,,,,
57.12,0.0,,,,,,,,,,,,,,,,
57.14,0.0,,,,,,,,,,,,,,,,
57.16,0.0,,,,,,,,,,,,,,,,
57.18,0.0,,,,,,,,,,,,,,,,
57.20,0.0,,,,,,,,,,,,,,,,
57.22,0.0,,,,,,,,,,,,,,,,
57.24,0.0,,,,,,,,,,,,,,,,
57.26,0.0,,,,,,,,,,,,,,,,
57.28,0.0,,,,,,,,,,,,,,,,
57.30,0.0,,,,,,,,,,,,,,,,
57.32,0.0,,,,,,,,,,,,,,,,
57.34,0.0,,,,,,,,,,,,,,,,
57.36,0.0,,,,,,,,,,,,,,,,
57.38,0.0,,,,,,,,,,,,,,,,
57.40,0.0,,,,,,,,,,,,,,,,
57.42,0.0,,,,,,,,,,,,,,,,
57.44,0.0,,,,,,,,,,,,,,,,
57.46,0.0,,,,,,,,,,,,,,,,
57.48,0.0,,,,,,,,,,,,,,,,
57.50,0.0,,,,,,,,,,,,,,,,
57.52,0.0,,,,,,,,,,,,,,,,
57.54,0.0,,,,,,,,,,,,,,,,
57.56,0.0,,,,,,,,,,,,,,,,
57.58,0.0,,,,,,,,,,,,,,,,
57.60,0.0,,,,,,,,,,,,,,,,
57.62,0.0,,,,,,,,,,,,,,,,
57.64,0.0,,,,,,,,,,,,,,,,
57.66,0.0,,,,,,,,,,,,,,,,
57.68,0.0,,,,,,,,,,,,,,,,
57.70,0.0,,,,,,,,,,,,,,,,
57.72,0.0,,,,,,,,,,,,,,,,
57.74,0.0,,,,,,,,,,,,,,,,
57.76,0.0,,,,,,,,,,,,,,,,
57.78,0.0,,,,,,,,,,,,,,,,
57.80,0.0,,,,,,,,,,,,,,,,
57.82,0.0,,,,,,,,,,,,,,,,
57.84,0.0,,,,,,,,,,,,,,,,
57.86,0.0,,,,,,,,,,,,,,,,
57.88,0.0,,,,,,,,,,,,,,,,
57.90,0.0,,,,,,,,,,,,,,,,
57.92,0.0,,,,,,,,,,,,,,,,
57.94,0.0,,,,,,,,,,,,,,,,
57.96,0.0,,,,,,,,,,,,,,,,
57.98,0.0,,,,,,,,,,,,,,,,
58.00,0.0,,,,,,,,,,,,,,,,
58.02,0.0,,,,,,,,,,,,,,,,
58.04,0.0,,,,,,,,,,,,,,,,
58.06,0.0,,,,,,,,,,,,,,,,
58.08,0.0,,,,,,,,,,,,,,,,
58.10,0.0,,,,,,,,,,,,,,,,
58.12,0.0,,,,,,,,,,,,,,,,
58.14,0.0,,,,,,,,,,,,,,,,
58.16,0.0,,,,,,,,,,,,,,,,
58.18,0.0,,,,,,,,,,,,,,,,
58.20,0.0,,,,,,,,,,,,,,,,
58.22,0.0,,,,,,,,,,,,,,,,
58.24,0.0,,,,,,,,,,,,,,,,
58.26,0.0,,,,,,,,,,,,,,,,
58.28,0.0,,,,,,,,,,,,,,,,
58.30,0.0,,,,,,,,,,,,,,,,
58.32,0.0,,,,,,,,,,,,,,,,
58.34,0.0,,,,,,,,,,,,,,,,
58.36,0.0,,,,,,,,,,,,,,,,
58.38,0.0,,,,,,,,,,,,,,,,
58.40,0.0,,,,,,,,,,,,,,,,
58.42,0.0,,,,,,,,,,,,,,,,
58.44,0.0,,,,,,,,,,,,,,,,
58.46,0.0,,,,,,,,,,,,,,,,
58.48,0.0,,,,,,,,,,,,,,,,
58.50,0.0,,,,,,,,,,,,,,,,
58.52,0.0,,,,,,,,,,,,,,,,
58.54,0.0,,,,,,,,,,,,,,,,
58.56,0.0,,,,,,,,,,,,,,,,
58.58,0.0,,,,,,,,,,,,,,,,
58.60,0.0,,,,,,,,,,,,,,,,
58.62,0.0,,,,,,,,,,,,,,,,
58.64,0.0,,,,,,,,,,,,,,,,
58.66,0.0,,,,,,,,,,,,,,,,
58.68,0.0,,,,,,,,,,,,,,,,
58.70,0.0,,,,,,,,,,,,,,,,
58.72,0.0,,,,,,,,,,,,,,,,
58.74,0.0,,,,,,,,,,,,,,,,
58.76,0.0,,,,,,,,,,,,,,,,
58.78,0.0,,,,,,,,,,,,,,,,
58.80,0.0,,,,,,,,,,,,,,,,
58.82,0.0,,,,,,,,,,,,,,,,
58.84,0.0,,,,,,,,,,,,,,,,
58.86,0.0,,,,,,,,,,,,,,,,
58.88,0.0,,,,,,,,,,,,,,,,
58.90,0.0,,,,,,,,,,,,,,,,
58.92,0.0,,,,,,,,,,,,,,,,
58.94,0.0,,,,,,,,,,,,,,,,
58.96,0.0,,,,,,,,,,,,,,,,
58.98,0.0,,,,,,,,,,,,,,,,
59.00,0.0,,,,,,,,,,,,,,,,
59.02,0.0,,,,,,,,,,,,,,,,
59.04,0.0,,,,,,,,,,,,,,,,
59.06,0.0,,,,,,,,,,,,,,,,
59.08,0.0,,,,,,,,,,,,,,,,
59.10,0.0,,,,,,,,,,,,,,,,
59.12,0.0,,,,,,,,,,,,,,,,
59.14,0.0,,,,,,,,,,,,,,,,
59.16,0.0,,,,,,,,,,,,,,,,
59.18,0.0,,,,,,,,,,,,,,,,
59.20,0.0,,,,,,,,,,,,,,,,
59.22,0.0,,,,,,,,,,,,,,,,
59.24,0.0,,,,,,,,,,,,,,,,
59.26,0.0,,,,,,,,,,,,,,,,
59.28,0.0,,,,,,,,,,,,,,,,
59.30,0.0,,,,,,,,,,,,,,,,
59.32,0.0,,,,,,,,,,,,,,,,
59.34,0.0,,,,,,,,,,,,,,,,
59.36,0.0,,,,,,,,,,,,,,,,
59.38,0.0,,,,,,,,,,,,,,,,
59.40,0.0,,,,,,,,,,,,,,,,
59.42,0.0,,,,,,,,,,,,,,,,
59.44,0.0,,,,,,,,,,,,,,,,
59.46,0.0,,,,,,,,,,,,,,,,
59.48,0.0,,,,,,,,,,,,,,,,
59.50,0.0,,,,,,,,,,,,,,,,
59.52,0.0,,,,,,,,,,,,,,,,
59.54,0.0,,,,,,,,,,,,,,,,
59.56,0.0,,,,,,,,,,,,,,,,
59.58,0.0,,,,,,,,,,,,,,,,
59.60,0.0,,,,,,,,,,,,,,,,
59.62,0.0,,,,,,,,,,,,,,,,
59.64,0.0,,,,,,,,,,,,,,,,
59.66,0.0,,,,,,,,,,,,,,,,
59.68,0.0,,,,,,,,,,,,,,,,
59.70,0.0,,,,,,,,,,,,,,,,
59.72,0.0,,,,,,,,,,,,,,,,
59.74,0.0,,,,,,,,,,,,,,,,
59.76,0.0,,,,,,,,,,,,,,,,
59.78,0.0,,,,,,,,,,,,,,,,
59.80,0.0,,,,,,,,,,,,,,,,
59.82,0.0,,,,,,,,,,,,,,,,
59.84,0.0,,,,,,,,,,,,,,,,
59.86,0.0,,,,,,,,,,,,,,,,
59.88,0.0,,,,,,,,,,,,,,,,
59.90,0.0,,,,,,,,,,,,,,,,
59.92,0.0,,,,,,,,,,,,,,,,
59.94,0.0,,,,,,,,,,,,,,,,
59.96,0.0,,,,,,,,,,,,,,,,
59.98,0.0,,,,,,,,,,,,,,,,
60.00,0.0,,,,,,,,,,,,,,,,
